2026-09-09 23:33:28 rss=140M swap=0M cpu=88% cma_free=121M mem_avail=590M cache=0M temp=56.4C hwdec=v4l2m2m-copy pos=0 throttled=0x0 file=000_fallback.mp4
2026-09-09 23:33:59 rss=140M swap=0M cpu=86% cma_free=122M mem_avail=592M cache=0M temp=56.4C hwdec=v4l2m2m-copy pos=0 throttled=0x0 file=000_fallback.mp4
2026-09-09 23:34:20 rss=140M swap=0M cpu=87% cma_free=119M mem_avail=588M cache=0M temp=56.4C hwdec=v4l2m2m-copy pos=0 throttled=0x0 file=000_fallback.mp4
2026-09-09 23:34:52 rss=176M swap=0M cpu=89% cma_free=119M mem_avail=530M cache=32M temp=55.8C hwdec=v4l2m2m-copy pos=1 throttled=0x0 file=2000_langste_bloementapijt-01-na.mp4
2026-09-09 23:35:23 rss=189M swap=0M cpu=91% cma_free=119M mem_avail=535M cache=31M temp=55.8C hwdec=v4l2m2m-copy pos=1 throttled=0x0 file=2000_langste_bloementapijt-01-na.mp4
2026-09-09 23:35:54 rss=189M swap=0M cpu=90% cma_free=85M mem_avail=532M cache=32M temp=55.8C hwdec=v4l2m2m-copy pos=1 throttled=0x0 file=2000_langste_bloementapijt-01-na.mp4
2026-09-09 23:36:25 rss=189M swap=0M cpu=91% cma_free=64M mem_avail=539M cache=32M temp=55.8C hwdec=v4l2m2m-copy pos=1 throttled=0x0 file=2000_langste_bloementapijt-01-na.mp4
2026-09-09 23:36:56 rss=189M swap=0M cpu=91% cma_free=49M mem_avail=538M cache=32M temp=56.4C hwdec=v4l2m2m-copy pos=1 throttled=0x0 file=2000_langste_bloementapijt-01-na.mp4
2026-09-09 23:37:28 rss=189M swap=0M cpu=91% cma_free=53M mem_avail=535M cache=32M temp=56.4C hwdec=v4l2m2m-copy pos=1 throttled=0x0 file=2000_langste_bloementapijt-01-na.mp4
2026-09-09 23:37:39 rss=189M swap=0M cpu=90% cma_free=62M mem_avail=540M cache=32M temp=55.8C hwdec=v4l2m2m-copy pos=1 throttled=0x0 file=2000_langste_bloementapijt-01-na.mp4
2026-09-09 23:38:10 rss=189M swap=0M cpu=91% cma_free=63M mem_avail=537M cache=32M temp=55.8C hwdec=v4l2m2m-copy pos=1 throttled=0x0 file=2000_langste_bloementapijt-01-na.mp4
2026-09-09 23:38:41 rss=189M swap=0M cpu=90% cma_free=62M mem_avail=531M cache=32M temp=55.8C hwdec=v4l2m2m-copy pos=1 throttled=0x0 file=2000_langste_bloementapijt-01-na.mp4
2026-09-09 23:39:12 rss=189M swap=0M cpu=92% cma_free=60M mem_avail=541M cache=32M temp=56.4C hwdec=v4l2m2m-copy pos=1 throttled=0x0 file=2000_langste_bloementapijt-01-na.mp4
2026-09-09 23:39:43 rss=189M swap=0M cpu=91% cma_free=65M mem_avail=540M cache=32M temp=56.4C hwdec=v4l2m2m-copy pos=1 throttled=0x0 file=2000_langste_bloementapijt-01-na.mp4
2026-09-09 23:40:15 rss=189M swap=0M cpu=90% cma_free=66M mem_avail=540M cache=32M temp=55.8C hwdec=v4l2m2m-copy pos=1 throttled=0x0 file=2000_langste_bloementapijt-01-na.mp4
2026-09-09 23:40:46 rss=189M swap=0M cpu=91% cma_free=61M mem_avail=543M cache=32M temp=56.4C hwdec=v4l2m2m-copy pos=1 throttled=0x0 file=2000_langste_bloementapijt-01-na.mp4
2026-09-09 23:41:17 rss=190M swap=0M cpu=90% cma_free=66M mem_avail=543M cache=32M temp=55.8C hwdec=v4l2m2m-copy pos=1 throttled=0x0 file=2000_langste_bloementapijt-01-na.mp4
2026-09-09 23:41:48 rss=190M swap=0M cpu=90% cma_free=69M mem_avail=539M cache=32M temp=54.8C hwdec=v4l2m2m-copy pos=1 throttled=0x0 file=2000_langste_bloementapijt-01-na.mp4
2026-09-09 23:42:20 rss=190M swap=0M cpu=90% cma_free=66M mem_avail=537M cache=32M temp=54.8C hwdec=v4l2m2m-copy pos=1 throttled=0x0 file=2000_langste_bloementapijt-01-na.mp4
2026-09-09 23:42:51 rss=190M swap=0M cpu=93% cma_free=58M mem_avail=537M cache=32M temp=54.8C hwdec=v4l2m2m-copy pos=1 throttled=0x0 file=2000_langste_bloementapijt-01-na.mp4
2026-09-09 23:43:22 rss=190M swap=0M cpu=90% cma_free=68M mem_avail=539M cache=32M temp=55.8C hwdec=v4l2m2m-copy pos=1 throttled=0x0 file=2000_langste_bloementapijt-01-na.mp4
2026-09-09 23:43:53 rss=192M swap=0M cpu=91% cma_free=63M mem_avail=537M cache=32M temp=54.8C hwdec=v4l2m2m-copy pos=1 throttled=0x0 file=2000_langste_bloementapijt-01-na.mp4
2026-09-09 23:44:25 rss=192M swap=0M cpu=90% cma_free=62M mem_avail=535M cache=32M temp=54.8C hwdec=v4l2m2m-copy pos=1 throttled=0x0 file=2000_langste_bloementapijt-01-na.mp4
2026-09-09 23:44:56 rss=195M swap=0M cpu=90% cma_free=60M mem_avail=521M cache=18M temp=55.8C hwdec=v4l2m2m-copy pos=1 throttled=0x0 file=2000_langste_bloementapijt-01-na.mp4
2026-09-09 23:45:27 rss=214M swap=0M cpu=87% cma_free=95M mem_avail=502M cache=0M temp=55.3C hwdec=v4l2m2m-copy pos=3 throttled=0x0 file=075_img160.mp4
2026-09-09 23:45:58 rss=228M swap=0M cpu=87% cma_free=86M mem_avail=498M cache=1M temp=54.8C hwdec=v4l2m2m-copy pos=6 throttled=0x0 file=182_Kasseitje_406.mp4
2026-09-09 23:46:29 rss=230M swap=0M cpu=86% cma_free=82M mem_avail=490M cache=0M temp=54.8C hwdec=v4l2m2m-copy pos=9 throttled=0x0 file=105_Kasseitje_087.mp4
2026-09-09 23:47:01 rss=250M swap=0M cpu=89% cma_free=72M mem_avail=478M cache=32M temp=54.8C hwdec=v4l2m2m-copy pos=12 throttled=0x0 file=19xx_kermis-na.mp4
2026-09-09 23:47:32 rss=260M swap=0M cpu=90% cma_free=46M mem_avail=467M cache=32M temp=55.3C hwdec=v4l2m2m-copy pos=12 throttled=0x0 file=19xx_kermis-na.mp4
2026-09-09 23:48:03 rss=265M swap=0M cpu=90% cma_free=34M mem_avail=462M cache=32M temp=55.8C hwdec=v4l2m2m-copy pos=12 throttled=0x0 file=19xx_kermis-na.mp4
2026-09-09 23:48:34 rss=265M swap=0M cpu=90% cma_free=17M mem_avail=460M cache=32M temp=55.3C hwdec=v4l2m2m-copy pos=12 throttled=0x0 file=19xx_kermis-na.mp4
2026-09-09 23:49:06 rss=265M swap=0M cpu=89% cma_free=10M mem_avail=463M cache=32M temp=54.8C hwdec=v4l2m2m-copy pos=12 throttled=0x0 file=19xx_kermis-na.mp4
2026-09-09 23:49:37 rss=265M swap=0M cpu=90% cma_free=0M mem_avail=462M cache=32M temp=54.8C hwdec=v4l2m2m-copy pos=12 throttled=0x0 file=19xx_kermis-na.mp4
2026-09-09 23:50:08 rss=265M swap=0M cpu=90% cma_free=0M mem_avail=460M cache=31M temp=54.8C hwdec=v4l2m2m-copy pos=12 throttled=0x0 file=19xx_kermis-na.mp4
2026-09-09 23:50:39 rss=265M swap=0M cpu=92% cma_free=2M mem_avail=457M cache=32M temp=54.8C hwdec=v4l2m2m-copy pos=12 throttled=0x0 file=19xx_kermis-na.mp4
2026-09-09 23:51:11 rss=265M swap=0M cpu=89% cma_free=3M mem_avail=464M cache=31M temp=54.8C hwdec=v4l2m2m-copy pos=12 throttled=0x0 file=19xx_kermis-na.mp4
2026-09-09 23:51:42 rss=265M swap=0M cpu=91% cma_free=2M mem_avail=458M cache=31M temp=55.8C hwdec=v4l2m2m-copy pos=12 throttled=0x0 file=19xx_kermis-na.mp4
2026-09-09 23:52:13 rss=265M swap=0M cpu=90% cma_free=4M mem_avail=452M cache=32M temp=55.8C hwdec=v4l2m2m-copy pos=12 throttled=0x0 file=19xx_kermis-na.mp4
2026-09-09 23:52:44 rss=265M swap=0M cpu=90% cma_free=0M mem_avail=441M cache=32M temp=55.8C hwdec=v4l2m2m-copy pos=12 throttled=0x0 file=19xx_kermis-na.mp4
2026-09-09 23:53:16 rss=265M swap=0M cpu=92% cma_free=17M mem_avail=454M cache=32M temp=54.8C hwdec=v4l2m2m-copy pos=12 throttled=0x0 file=19xx_kermis-na.mp4
2026-09-09 23:53:47 rss=265M swap=0M cpu=92% cma_free=10M mem_avail=462M cache=32M temp=55.3C hwdec=v4l2m2m-copy pos=12 throttled=0x0 file=19xx_kermis-na.mp4
2026-09-09 23:54:18 rss=265M swap=0M cpu=90% cma_free=14M mem_avail=463M cache=32M temp=55.8C hwdec=v4l2m2m-copy pos=12 throttled=0x0 file=19xx_kermis-na.mp4
2026-09-09 23:54:49 rss=265M swap=0M cpu=90% cma_free=1M mem_avail=460M cache=32M temp=55.8C hwdec=v4l2m2m-copy pos=12 throttled=0x0 file=19xx_kermis-na.mp4
2026-09-09 23:55:20 rss=265M swap=0M cpu=90% cma_free=22M mem_avail=459M cache=32M temp=55.3C hwdec=v4l2m2m-copy pos=12 throttled=0x0 file=19xx_kermis-na.mp4
2026-09-09 23:55:52 rss=265M swap=0M cpu=90% cma_free=0M mem_avail=461M cache=32M temp=55.3C hwdec=v4l2m2m-copy pos=12 throttled=0x0 file=19xx_kermis-na.mp4
2026-09-09 23:56:23 rss=265M swap=0M cpu=90% cma_free=34M mem_avail=462M cache=32M temp=55.3C hwdec=v4l2m2m-copy pos=12 throttled=0x0 file=19xx_kermis-na.mp4
2026-09-09 23:56:54 rss=269M swap=0M cpu=92% cma_free=0M mem_avail=459M cache=32M temp=54.8C hwdec=v4l2m2m-copy pos=12 throttled=0x0 file=19xx_kermis-na.mp4
2026-09-09 23:57:25 rss=269M swap=0M cpu=90% cma_free=0M mem_avail=450M cache=32M temp=54.8C hwdec=v4l2m2m-copy pos=12 throttled=0x0 file=19xx_kermis-na.mp4
2026-09-09 23:57:57 rss=269M swap=0M cpu=91% cma_free=0M mem_avail=461M cache=32M temp=55.3C hwdec=v4l2m2m-copy pos=12 throttled=0x0 file=19xx_kermis-na.mp4
2026-09-09 23:58:28 rss=269M swap=0M cpu=91% cma_free=0M mem_avail=458M cache=32M temp=54.8C hwdec=v4l2m2m-copy pos=12 throttled=0x0 file=19xx_kermis-na.mp4
2026-09-09 23:58:59 rss=269M swap=0M cpu=91% cma_free=19M mem_avail=461M cache=32M temp=54.8C hwdec=v4l2m2m-copy pos=12 throttled=0x0 file=19xx_kermis-na.mp4
2026-09-09 23:59:30 rss=269M swap=0M cpu=89% cma_free=4M mem_avail=455M cache=32M temp=54.8C hwdec=v4l2m2m-copy pos=12 throttled=0x0 file=19xx_kermis-na.mp4
2026-09-10 00:00:02 rss=269M swap=0M cpu=92% cma_free=1M mem_avail=449M cache=32M temp=55.8C hwdec=v4l2m2m-copy pos=12 throttled=0x0 file=19xx_kermis-na.mp4
2026-09-10 00:00:33 rss=269M swap=0M cpu=90% cma_free=1M mem_avail=449M cache=32M temp=55.8C hwdec=v4l2m2m-copy pos=12 throttled=0x0 file=19xx_kermis-na.mp4
2026-09-10 00:01:04 rss=269M swap=0M cpu=90% cma_free=0M mem_avail=449M cache=32M temp=55.8C hwdec=v4l2m2m-copy pos=12 throttled=0x0 file=19xx_kermis-na.mp4
2026-09-10 00:01:35 rss=269M swap=0M cpu=92% cma_free=1M mem_avail=448M cache=32M temp=54.8C hwdec=v4l2m2m-copy pos=12 throttled=0x0 file=19xx_kermis-na.mp4
2026-09-10 00:02:07 rss=269M swap=0M cpu=92% cma_free=2M mem_avail=450M cache=32M temp=55.3C hwdec=v4l2m2m-copy pos=12 throttled=0x0 file=19xx_kermis-na.mp4
2026-09-10 00:02:38 rss=269M swap=0M cpu=89% cma_free=2M mem_avail=450M cache=32M temp=54.8C hwdec=v4l2m2m-copy pos=12 throttled=0x0 file=19xx_kermis-na.mp4
2026-09-10 00:03:09 rss=270M swap=0M cpu=89% cma_free=2M mem_avail=451M cache=32M temp=54.8C hwdec=v4l2m2m-copy pos=12 throttled=0x0 file=19xx_kermis-na.mp4
2026-09-10 00:03:40 rss=271M swap=0M cpu=90% cma_free=3M mem_avail=450M cache=32M temp=55.3C hwdec=v4l2m2m-copy pos=12 throttled=0x0 file=19xx_kermis-na.mp4
2026-09-10 00:04:11 rss=271M swap=0M cpu=88% cma_free=23M mem_avail=449M cache=27M temp=55.8C hwdec=v4l2m2m-copy pos=12 throttled=0x0 file=19xx_kermis-na.mp4
2026-09-10 00:04:43 rss=278M swap=0M cpu=85% cma_free=62M mem_avail=430M cache=0M temp=54.8C hwdec=v4l2m2m-copy pos=13 throttled=0x0 file=148_Kasseitje_181.mp4
2026-09-10 00:05:14 rss=278M swap=0M cpu=88% cma_free=70M mem_avail=425M cache=0M temp=55.3C hwdec=v4l2m2m-copy pos=16 throttled=0x0 file=002_1961_Comite_001.mp4
2026-09-10 00:05:45 rss=278M swap=0M cpu=88% cma_free=70M mem_avail=437M cache=0M temp=54.2C hwdec=v4l2m2m-copy pos=19 throttled=0x0 file=213_XXX_Kermis_008.mp4
2026-09-10 00:06:16 rss=278M swap=0M cpu=90% cma_free=63M mem_avail=439M cache=32M temp=54.8C hwdec=v4l2m2m-copy pos=21 throttled=0x0 file=1992_ballonmeeting-na.mp4
2026-09-10 00:06:48 rss=278M swap=0M cpu=90% cma_free=68M mem_avail=428M cache=31M temp=55.3C hwdec=v4l2m2m-copy pos=21 throttled=0x0 file=1992_ballonmeeting-na.mp4
2026-09-10 00:07:19 rss=278M swap=0M cpu=90% cma_free=71M mem_avail=435M cache=31M temp=55.3C hwdec=v4l2m2m-copy pos=21 throttled=0x0 file=1992_ballonmeeting-na.mp4
2026-09-10 00:07:50 rss=278M swap=0M cpu=92% cma_free=67M mem_avail=435M cache=32M temp=55.8C hwdec=v4l2m2m-copy pos=21 throttled=0x0 file=1992_ballonmeeting-na.mp4
2026-09-10 00:08:21 rss=278M swap=0M cpu=91% cma_free=64M mem_avail=434M cache=32M temp=54.8C hwdec=v4l2m2m-copy pos=21 throttled=0x0 file=1992_ballonmeeting-na.mp4
2026-09-10 00:08:53 rss=278M swap=0M cpu=91% cma_free=64M mem_avail=425M cache=32M temp=55.3C hwdec=v4l2m2m-copy pos=21 throttled=0x0 file=1992_ballonmeeting-na.mp4
2026-09-10 00:09:24 rss=278M swap=0M cpu=89% cma_free=72M mem_avail=428M cache=32M temp=54.8C hwdec=v4l2m2m-copy pos=21 throttled=0x0 file=1992_ballonmeeting-na.mp4
2026-09-10 00:09:55 rss=279M swap=0M cpu=90% cma_free=65M mem_avail=437M cache=32M temp=54.8C hwdec=v4l2m2m-copy pos=21 throttled=0x0 file=1992_ballonmeeting-na.mp4
2026-09-10 00:10:26 rss=282M swap=0M cpu=91% cma_free=68M mem_avail=424M cache=32M temp=54.8C hwdec=v4l2m2m-copy pos=21 throttled=0x0 file=1992_ballonmeeting-na.mp4
2026-09-10 00:10:58 rss=282M swap=0M cpu=89% cma_free=67M mem_avail=438M cache=31M temp=55.3C hwdec=v4l2m2m-copy pos=21 throttled=0x0 file=1992_ballonmeeting-na.mp4
2026-09-10 00:11:29 rss=282M swap=0M cpu=90% cma_free=61M mem_avail=433M cache=32M temp=54.8C hwdec=v4l2m2m-copy pos=21 throttled=0x0 file=1992_ballonmeeting-na.mp4
2026-09-10 00:12:00 rss=284M swap=0M cpu=91% cma_free=66M mem_avail=433M cache=32M temp=54.8C hwdec=v4l2m2m-copy pos=21 throttled=0x0 file=1992_ballonmeeting-na.mp4
2026-09-10 00:12:31 rss=284M swap=0M cpu=92% cma_free=62M mem_avail=433M cache=32M temp=55.3C hwdec=v4l2m2m-copy pos=21 throttled=0x0 file=1992_ballonmeeting-na.mp4
2026-09-10 00:13:02 rss=284M swap=0M cpu=91% cma_free=65M mem_avail=436M cache=32M temp=54.8C hwdec=v4l2m2m-copy pos=21 throttled=0x0 file=1992_ballonmeeting-na.mp4
2026-09-10 00:13:34 rss=284M swap=0M cpu=91% cma_free=70M mem_avail=431M cache=32M temp=54.8C hwdec=v4l2m2m-copy pos=21 throttled=0x0 file=1992_ballonmeeting-na.mp4
2026-09-10 00:14:05 rss=284M swap=0M cpu=91% cma_free=70M mem_avail=418M cache=32M temp=55.3C hwdec=v4l2m2m-copy pos=21 throttled=0x0 file=1992_ballonmeeting-na.mp4
2026-09-10 00:14:36 rss=284M swap=0M cpu=90% cma_free=72M mem_avail=427M cache=32M temp=55.3C hwdec=v4l2m2m-copy pos=21 throttled=0x0 file=1992_ballonmeeting-na.mp4
2026-09-10 00:15:07 rss=284M swap=0M cpu=91% cma_free=75M mem_avail=430M cache=32M temp=55.3C hwdec=v4l2m2m-copy pos=21 throttled=0x0 file=1992_ballonmeeting-na.mp4
2026-09-10 00:15:39 rss=284M swap=0M cpu=89% cma_free=71M mem_avail=431M cache=32M temp=55.3C hwdec=v4l2m2m-copy pos=21 throttled=0x0 file=1992_ballonmeeting-na.mp4
2026-09-10 00:16:10 rss=284M swap=0M cpu=90% cma_free=71M mem_avail=432M cache=32M temp=55.3C hwdec=v4l2m2m-copy pos=21 throttled=0x0 file=1992_ballonmeeting-na.mp4
2026-09-10 00:16:41 rss=284M swap=0M cpu=88% cma_free=73M mem_avail=429M cache=5M temp=54.8C hwdec=v4l2m2m-copy pos=21 throttled=0x0 file=1992_ballonmeeting-na.mp4
2026-09-10 00:17:12 rss=294M swap=0M cpu=87% cma_free=71M mem_avail=420M cache=0M temp=54.8C hwdec=v4l2m2m-copy pos=24 throttled=0x0 file=160_Kasseitje_193.mp4
2026-09-10 00:17:44 rss=294M swap=0M cpu=88% cma_free=72M mem_avail=419M cache=1M temp=54.8C hwdec=v4l2m2m-copy pos=27 throttled=0x0 file=159_Kasseitje_192.mp4
2026-09-10 00:18:15 rss=294M swap=0M cpu=86% cma_free=73M mem_avail=414M cache=0M temp=54.8C hwdec=v4l2m2m-copy pos=30 throttled=0x0 file=028_1983_Kermis_005.mp4
2026-09-10 00:18:46 rss=294M swap=0M cpu=87% cma_free=65M mem_avail=415M cache=0M temp=54.8C hwdec=v4l2m2m-copy pos=33 throttled=0x0 file=054_Broeikassen_op_t_Kasseitje_achtergrond_Kasteeldreef_huizen_in_de_Kerkstraat.mp4
2026-09-10 00:19:17 rss=294M swap=0M cpu=89% cma_free=66M mem_avail=415M cache=0M temp=54.8C hwdec=v4l2m2m-copy pos=36 throttled=0x0 file=095_Kasseitje_067.mp4
2026-09-10 00:19:49 rss=295M swap=0M cpu=87% cma_free=67M mem_avail=413M cache=0M temp=54.8C hwdec=v4l2m2m-copy pos=38 throttled=0x0 file=058_img065.mp4
2026-09-10 00:20:20 rss=295M swap=0M cpu=87% cma_free=56M mem_avail=412M cache=0M temp=54.2C hwdec=v4l2m2m-copy pos=41 throttled=0x0 file=090_Kasseitje_042.mp4
2026-09-10 00:20:51 rss=323M swap=0M cpu=90% cma_free=51M mem_avail=394M cache=32M temp=54.8C hwdec=v4l2m2m-copy pos=43 throttled=0x0 file=1992_bolling-na.mp4
2026-09-10 00:21:22 rss=327M swap=0M cpu=91% cma_free=59M mem_avail=387M cache=32M temp=54.8C hwdec=v4l2m2m-copy pos=43 throttled=0x0 file=1992_bolling-na.mp4
2026-09-10 00:21:54 rss=327M swap=0M cpu=90% cma_free=54M mem_avail=386M cache=32M temp=55.3C hwdec=v4l2m2m-copy pos=43 throttled=0x0 file=1992_bolling-na.mp4
2026-09-10 00:22:25 rss=327M swap=0M cpu=90% cma_free=58M mem_avail=388M cache=32M temp=54.8C hwdec=v4l2m2m-copy pos=43 throttled=0x0 file=1992_bolling-na.mp4
2026-09-10 00:22:56 rss=328M swap=0M cpu=91% cma_free=57M mem_avail=389M cache=32M temp=54.8C hwdec=v4l2m2m-copy pos=43 throttled=0x0 file=1992_bolling-na.mp4
2026-09-10 00:23:27 rss=328M swap=0M cpu=90% cma_free=58M mem_avail=385M cache=32M temp=54.8C hwdec=v4l2m2m-copy pos=43 throttled=0x0 file=1992_bolling-na.mp4
2026-09-10 00:23:58 rss=329M swap=0M cpu=90% cma_free=56M mem_avail=386M cache=32M temp=55.3C hwdec=v4l2m2m-copy pos=43 throttled=0x0 file=1992_bolling-na.mp4
2026-09-10 00:24:30 rss=329M swap=0M cpu=90% cma_free=60M mem_avail=387M cache=32M temp=54.8C hwdec=v4l2m2m-copy pos=43 throttled=0x0 file=1992_bolling-na.mp4
2026-09-10 00:25:01 rss=329M swap=0M cpu=89% cma_free=61M mem_avail=389M cache=32M temp=54.8C hwdec=v4l2m2m-copy pos=43 throttled=0x0 file=1992_bolling-na.mp4
2026-09-10 00:25:32 rss=329M swap=0M cpu=90% cma_free=60M mem_avail=381M cache=32M temp=54.8C hwdec=v4l2m2m-copy pos=43 throttled=0x0 file=1992_bolling-na.mp4
2026-09-10 00:26:03 rss=329M swap=0M cpu=90% cma_free=57M mem_avail=380M cache=32M temp=54.8C hwdec=v4l2m2m-copy pos=43 throttled=0x0 file=1992_bolling-na.mp4
2026-09-10 00:26:35 rss=329M swap=0M cpu=93% cma_free=56M mem_avail=384M cache=31M temp=54.8C hwdec=v4l2m2m-copy pos=43 throttled=0x0 file=1992_bolling-na.mp4
2026-09-10 00:27:06 rss=329M swap=0M cpu=90% cma_free=57M mem_avail=387M cache=32M temp=54.8C hwdec=v4l2m2m-copy pos=43 throttled=0x0 file=1992_bolling-na.mp4
2026-09-10 00:27:37 rss=329M swap=0M cpu=90% cma_free=62M mem_avail=384M cache=32M temp=54.8C hwdec=v4l2m2m-copy pos=43 throttled=0x0 file=1992_bolling-na.mp4
2026-09-10 00:28:08 rss=329M swap=0M cpu=91% cma_free=59M mem_avail=383M cache=32M temp=54.8C hwdec=v4l2m2m-copy pos=43 throttled=0x0 file=1992_bolling-na.mp4
2026-09-10 00:28:40 rss=329M swap=0M cpu=89% cma_free=59M mem_avail=385M cache=14M temp=54.8C hwdec=v4l2m2m-copy pos=43 throttled=0x0 file=1992_bolling-na.mp4
2026-09-10 00:29:11 rss=324M swap=0M cpu=85% cma_free=60M mem_avail=383M cache=0M temp=54.8C hwdec=v4l2m2m-copy pos=45 throttled=0x0 file=119_Kasseitje_127.mp4
2026-09-10 00:29:42 rss=324M swap=0M cpu=91% cma_free=63M mem_avail=391M cache=32M temp=55.3C hwdec=v4l2m2m-copy pos=46 throttled=0x0 file=1992_jean_deschryver-na.mp4
2026-09-10 00:30:13 rss=333M swap=0M cpu=89% cma_free=61M mem_avail=375M cache=0M temp=55.3C hwdec=v4l2m2m-copy pos=46 throttled=0x0 file=1992_jean_deschryver-na.mp4
2026-09-10 00:30:44 rss=333M swap=0M cpu=86% cma_free=65M mem_avail=378M cache=0M temp=54.2C hwdec=v4l2m2m-copy pos=49 throttled=0x0 file=184_Kasseitje_411.mp4
2026-09-10 00:31:16 rss=333M swap=0M cpu=87% cma_free=67M mem_avail=378M cache=0M temp=54.8C hwdec=v4l2m2m-copy pos=52 throttled=0x0 file=161_Kasseitje_194.mp4
2026-09-10 00:31:47 rss=334M swap=0M cpu=86% cma_free=64M mem_avail=378M cache=0M temp=54.8C hwdec=v4l2m2m-copy pos=55 throttled=0x0 file=080_Kasseitje_018.mp4
2026-09-10 00:32:18 rss=334M swap=0M cpu=91% cma_free=63M mem_avail=378M cache=31M temp=54.8C hwdec=v4l2m2m-copy pos=56 throttled=0x0 file=1992_vendeliers-na.mp4
2026-09-10 00:32:49 rss=334M swap=0M cpu=93% cma_free=58M mem_avail=378M cache=32M temp=54.8C hwdec=v4l2m2m-copy pos=56 throttled=0x0 file=1992_vendeliers-na.mp4
2026-09-10 00:33:21 rss=334M swap=0M cpu=91% cma_free=60M mem_avail=378M cache=31M temp=55.3C hwdec=v4l2m2m-copy pos=56 throttled=0x0 file=1992_vendeliers-na.mp4
2026-09-10 00:33:52 rss=334M swap=0M cpu=89% cma_free=63M mem_avail=380M cache=32M temp=54.8C hwdec=v4l2m2m-copy pos=56 throttled=0x0 file=1992_vendeliers-na.mp4
2026-09-10 00:34:23 rss=334M swap=0M cpu=91% cma_free=62M mem_avail=378M cache=32M temp=54.8C hwdec=v4l2m2m-copy pos=56 throttled=0x0 file=1992_vendeliers-na.mp4
2026-09-10 00:34:54 rss=334M swap=0M cpu=92% cma_free=61M mem_avail=377M cache=32M temp=55.8C hwdec=v4l2m2m-copy pos=56 throttled=0x0 file=1992_vendeliers-na.mp4
2026-09-10 00:35:26 rss=334M swap=0M cpu=90% cma_free=63M mem_avail=378M cache=32M temp=54.8C hwdec=v4l2m2m-copy pos=56 throttled=0x0 file=1992_vendeliers-na.mp4
2026-09-10 00:35:57 rss=334M swap=0M cpu=88% cma_free=66M mem_avail=380M cache=19M temp=55.3C hwdec=v4l2m2m-copy pos=56 throttled=0x0 file=1992_vendeliers-na.mp4
2026-09-10 00:36:28 rss=334M swap=0M cpu=86% cma_free=67M mem_avail=374M cache=1M temp=54.8C hwdec=v4l2m2m-copy pos=58 throttled=0x0 file=066_img098.mp4
2026-09-10 00:36:59 rss=334M swap=0M cpu=86% cma_free=63M mem_avail=367M cache=1M temp=54.2C hwdec=v4l2m2m-copy pos=61 throttled=0x0 file=168_Kasseitje_202.mp4
2026-09-10 00:37:31 rss=334M swap=0M cpu=86% cma_free=63M mem_avail=374M cache=1M temp=54.8C hwdec=v4l2m2m-copy pos=64 throttled=0x0 file=140_Kasseitje_173.mp4
2026-09-10 00:38:02 rss=334M swap=0M cpu=84% cma_free=65M mem_avail=378M cache=1M temp=54.8C hwdec=v4l2m2m-copy pos=67 throttled=0x0 file=065_img094.mp4
2026-09-10 00:38:33 rss=334M swap=0M cpu=87% cma_free=68M mem_avail=370M cache=0M temp=54.2C hwdec=v4l2m2m-copy pos=69 throttled=0x0 file=181_Kasseitje_405.mp4
2026-09-10 00:39:04 rss=334M swap=0M cpu=88% cma_free=54M mem_avail=363M cache=0M temp=54.2C hwdec=v4l2m2m-copy pos=72 throttled=0x0 file=199_P1020593.mp4
2026-09-10 00:39:36 rss=334M swap=0M cpu=90% cma_free=54M mem_avail=379M cache=32M temp=54.8C hwdec=v4l2m2m-copy pos=73 throttled=0x0 file=1992_optreden_vrouwen-na.mp4
2026-09-10 00:40:07 rss=334M swap=0M cpu=91% cma_free=60M mem_avail=374M cache=32M temp=54.8C hwdec=v4l2m2m-copy pos=73 throttled=0x0 file=1992_optreden_vrouwen-na.mp4
2026-09-10 00:40:38 rss=334M swap=0M cpu=92% cma_free=62M mem_avail=376M cache=32M temp=54.8C hwdec=v4l2m2m-copy pos=73 throttled=0x0 file=1992_optreden_vrouwen-na.mp4
2026-09-10 00:41:09 rss=334M swap=0M cpu=89% cma_free=57M mem_avail=373M cache=14M temp=54.8C hwdec=v4l2m2m-copy pos=73 throttled=0x0 file=1992_optreden_vrouwen-na.mp4
2026-09-10 00:41:40 rss=334M swap=0M cpu=90% cma_free=60M mem_avail=380M cache=32M temp=54.8C hwdec=v4l2m2m-copy pos=74 throttled=0x0 file=1992_truc_met_theezak-na.mp4
2026-09-10 00:42:12 rss=334M swap=0M cpu=88% cma_free=62M mem_avail=375M cache=22M temp=54.8C hwdec=v4l2m2m-copy pos=74 throttled=0x0 file=1992_truc_met_theezak-na.mp4
2026-09-10 00:42:43 rss=334M swap=0M cpu=87% cma_free=58M mem_avail=374M cache=0M temp=54.8C hwdec=v4l2m2m-copy pos=75 throttled=0x0 file=030_1983_Kermis_007.mp4
2026-09-10 00:43:14 rss=334M swap=0M cpu=86% cma_free=55M mem_avail=377M cache=0M temp=54.8C hwdec=v4l2m2m-copy pos=78 throttled=0x0 file=115_Kasseitje_121.mp4
2026-09-10 00:43:45 rss=334M swap=0M cpu=87% cma_free=57M mem_avail=375M cache=0M temp=54.8C hwdec=v4l2m2m-copy pos=81 throttled=0x0 file=137_Kasseitje_170.mp4
2026-09-10 00:44:17 rss=334M swap=0M cpu=86% cma_free=57M mem_avail=375M cache=0M temp=54.8C hwdec=v4l2m2m-copy pos=84 throttled=0x0 file=179_Kasseitje_350.mp4
2026-09-10 00:44:48 rss=334M swap=0M cpu=88% cma_free=54M mem_avail=371M cache=0M temp=54.8C hwdec=v4l2m2m-copy pos=87 throttled=0x0 file=150_Kasseitje_183.mp4
2026-09-10 00:45:19 rss=334M swap=0M cpu=86% cma_free=54M mem_avail=375M cache=0M temp=54.8C hwdec=v4l2m2m-copy pos=90 throttled=0x0 file=084_Kasseitje_025.mp4
2026-09-10 00:45:50 rss=334M swap=0M cpu=88% cma_free=60M mem_avail=375M cache=0M temp=54.8C hwdec=v4l2m2m-copy pos=93 throttled=0x0 file=170_Kasseitje_209.mp4
2026-09-10 00:46:21 rss=334M swap=0M cpu=88% cma_free=54M mem_avail=368M cache=2M temp=54.8C hwdec=v4l2m2m-copy pos=96 throttled=0x0 file=062_img069.mp4
2026-09-10 00:46:53 rss=334M swap=0M cpu=87% cma_free=56M mem_avail=376M cache=1M temp=54.8C hwdec=v4l2m2m-copy pos=99 throttled=0x0 file=057_DSC_8964.mp4
2026-09-10 00:47:24 rss=334M swap=0M cpu=87% cma_free=57M mem_avail=379M cache=0M temp=54.8C hwdec=v4l2m2m-copy pos=102 throttled=0x0 file=129_Kasseitje_162.mp4
2026-09-10 00:47:55 rss=334M swap=0M cpu=88% cma_free=56M mem_avail=369M cache=0M temp=54.2C hwdec=v4l2m2m-copy pos=104 throttled=0x0 file=162_Kasseitje_195.mp4
2026-09-10 00:48:26 rss=334M swap=0M cpu=91% cma_free=62M mem_avail=373M cache=32M temp=54.8C hwdec=v4l2m2m-copy pos=107 throttled=0x0 file=1992_mastklimmen-na.mp4
2026-09-10 00:48:58 rss=334M swap=0M cpu=93% cma_free=66M mem_avail=381M cache=32M temp=54.8C hwdec=v4l2m2m-copy pos=107 throttled=0x0 file=1992_mastklimmen-na.mp4
2026-09-10 00:49:29 rss=334M swap=0M cpu=92% cma_free=65M mem_avail=381M cache=32M temp=54.8C hwdec=v4l2m2m-copy pos=107 throttled=0x0 file=1992_mastklimmen-na.mp4
2026-09-10 00:50:00 rss=334M swap=0M cpu=90% cma_free=66M mem_avail=374M cache=32M temp=54.2C hwdec=v4l2m2m-copy pos=107 throttled=0x0 file=1992_mastklimmen-na.mp4
2026-09-10 00:50:31 rss=334M swap=0M cpu=92% cma_free=66M mem_avail=378M cache=32M temp=54.8C hwdec=v4l2m2m-copy pos=107 throttled=0x0 file=1992_mastklimmen-na.mp4
2026-09-10 00:51:03 rss=334M swap=0M cpu=91% cma_free=67M mem_avail=377M cache=32M temp=54.8C hwdec=v4l2m2m-copy pos=107 throttled=0x0 file=1992_mastklimmen-na.mp4
2026-09-10 00:51:34 rss=334M swap=0M cpu=92% cma_free=64M mem_avail=377M cache=32M temp=54.8C hwdec=v4l2m2m-copy pos=107 throttled=0x0 file=1992_mastklimmen-na.mp4
2026-09-10 00:52:05 rss=334M swap=0M cpu=88% cma_free=63M mem_avail=375M cache=5M temp=54.8C hwdec=v4l2m2m-copy pos=107 throttled=0x0 file=1992_mastklimmen-na.mp4
2026-09-10 00:52:36 rss=334M swap=0M cpu=88% cma_free=50M mem_avail=367M cache=0M temp=54.8C hwdec=v4l2m2m-copy pos=110 throttled=0x0 file=198_P1020592.mp4
2026-09-10 00:53:07 rss=334M swap=0M cpu=90% cma_free=67M mem_avail=378M cache=32M temp=55.3C hwdec=v4l2m2m-copy pos=111 throttled=0x0 file=1992_opbouw-na.mp4
2026-09-10 00:53:39 rss=334M swap=0M cpu=91% cma_free=67M mem_avail=380M cache=31M temp=55.3C hwdec=v4l2m2m-copy pos=111 throttled=0x0 file=1992_opbouw-na.mp4
2026-09-10 00:54:10 rss=334M swap=0M cpu=91% cma_free=66M mem_avail=378M cache=32M temp=54.8C hwdec=v4l2m2m-copy pos=111 throttled=0x0 file=1992_opbouw-na.mp4
2026-09-10 00:54:41 rss=334M swap=0M cpu=92% cma_free=65M mem_avail=378M cache=32M temp=54.2C hwdec=v4l2m2m-copy pos=111 throttled=0x0 file=1992_opbouw-na.mp4
2026-09-10 00:55:12 rss=334M swap=0M cpu=89% cma_free=66M mem_avail=378M cache=6M temp=54.8C hwdec=v4l2m2m-copy pos=111 throttled=0x0 file=1992_opbouw-na.mp4
2026-09-10 00:55:44 rss=334M swap=0M cpu=86% cma_free=49M mem_avail=365M cache=1M temp=55.3C hwdec=v4l2m2m-copy pos=114 throttled=0x0 file=193_LUT_1378.mp4
2026-09-10 00:56:15 rss=334M swap=0M cpu=88% cma_free=56M mem_avail=366M cache=0M temp=54.8C hwdec=v4l2m2m-copy pos=117 throttled=0x0 file=099_Kasseitje_073.mp4
2026-09-10 00:56:46 rss=334M swap=0M cpu=88% cma_free=59M mem_avail=372M cache=0M temp=54.8C hwdec=v4l2m2m-copy pos=120 throttled=0x0 file=127_Kasseitje_148.mp4
2026-09-10 00:57:17 rss=337M swap=0M cpu=90% cma_free=66M mem_avail=377M cache=32M temp=54.2C hwdec=v4l2m2m-copy pos=122 throttled=0x0 file=1992_ballon_mastklimmen-na.mp4
2026-09-10 00:57:49 rss=344M swap=0M cpu=90% cma_free=65M mem_avail=366M cache=31M temp=54.8C hwdec=v4l2m2m-copy pos=122 throttled=0x0 file=1992_ballon_mastklimmen-na.mp4
2026-09-10 00:58:20 rss=344M swap=0M cpu=91% cma_free=66M mem_avail=363M cache=32M temp=55.3C hwdec=v4l2m2m-copy pos=122 throttled=0x0 file=1992_ballon_mastklimmen-na.mp4
2026-09-10 00:58:51 rss=354M swap=0M cpu=87% cma_free=62M mem_avail=355M cache=1M temp=54.8C hwdec=v4l2m2m-copy pos=123 throttled=0x0 file=088_Kasseitje_040.mp4
2026-09-10 00:59:22 rss=354M swap=0M cpu=86% cma_free=61M mem_avail=357M cache=0M temp=54.2C hwdec=v4l2m2m-copy pos=125 throttled=0x0 file=091_Kasseitje_057.mp4
2026-09-10 00:59:54 rss=354M swap=0M cpu=88% cma_free=66M mem_avail=354M cache=0M temp=54.8C hwdec=v4l2m2m-copy pos=128 throttled=0x0 file=146_Kasseitje_179.mp4
2026-09-10 01:00:25 rss=354M swap=0M cpu=87% cma_free=58M mem_avail=351M cache=0M temp=54.2C hwdec=v4l2m2m-copy pos=131 throttled=0x0 file=086_Kasseitje_034.mp4
2026-09-10 01:00:56 rss=354M swap=0M cpu=87% cma_free=51M mem_avail=349M cache=0M temp=54.8C hwdec=v4l2m2m-copy pos=134 throttled=0x0 file=183_Kasseitje_407.mp4
2026-09-10 01:01:27 rss=354M swap=0M cpu=87% cma_free=56M mem_avail=347M cache=0M temp=54.8C hwdec=v4l2m2m-copy pos=137 throttled=0x0 file=094_Kasseitje_066.mp4
2026-09-10 01:01:58 rss=354M swap=0M cpu=87% cma_free=62M mem_avail=353M cache=0M temp=54.8C hwdec=v4l2m2m-copy pos=140 throttled=0x0 file=139_Kasseitje_172.mp4
2026-09-10 01:02:30 rss=354M swap=0M cpu=87% cma_free=64M mem_avail=361M cache=0M temp=54.8C hwdec=v4l2m2m-copy pos=143 throttled=0x0 file=208_XXX_Comite_007.mp4
2026-09-10 01:03:01 rss=354M swap=0M cpu=86% cma_free=64M mem_avail=362M cache=0M temp=54.8C hwdec=v4l2m2m-copy pos=146 throttled=0x0 file=004_1963_Regelmatigheidskoers_001.mp4
2026-09-10 01:03:32 rss=354M swap=0M cpu=87% cma_free=60M mem_avail=334M cache=0M temp=53.7C hwdec=v4l2m2m-copy pos=149 throttled=0x0 file=171_Kasseitje_210.mp4
2026-09-10 01:04:03 rss=354M swap=0M cpu=86% cma_free=58M mem_avail=341M cache=1M temp=54.2C hwdec=v4l2m2m-copy pos=152 throttled=0x0 file=205_P1020616.mp4
2026-09-10 01:04:35 rss=354M swap=0M cpu=92% cma_free=59M mem_avail=354M cache=32M temp=54.8C hwdec=v4l2m2m-copy pos=154 throttled=0x0 file=1992_serrekunst-na.mp4
2026-09-10 01:05:06 rss=354M swap=0M cpu=90% cma_free=69M mem_avail=360M cache=32M temp=54.8C hwdec=v4l2m2m-copy pos=154 throttled=0x0 file=1992_serrekunst-na.mp4
2026-09-10 01:05:37 rss=354M swap=0M cpu=89% cma_free=69M mem_avail=361M cache=32M temp=54.8C hwdec=v4l2m2m-copy pos=154 throttled=0x0 file=1992_serrekunst-na.mp4
2026-09-10 01:06:08 rss=354M swap=0M cpu=90% cma_free=68M mem_avail=359M cache=32M temp=54.8C hwdec=v4l2m2m-copy pos=154 throttled=0x0 file=1992_serrekunst-na.mp4
2026-09-10 01:06:40 rss=354M swap=0M cpu=90% cma_free=67M mem_avail=358M cache=32M temp=54.8C hwdec=v4l2m2m-copy pos=154 throttled=0x0 file=1992_serrekunst-na.mp4
2026-09-10 01:07:11 rss=354M swap=0M cpu=87% cma_free=68M mem_avail=358M cache=1M temp=54.8C hwdec=v4l2m2m-copy pos=155 throttled=0x0 file=011_1975_WIK_optreden_001.mp4
2026-09-10 01:07:42 rss=354M swap=0M cpu=87% cma_free=66M mem_avail=354M cache=2M temp=54.2C hwdec=v4l2m2m-copy pos=158 throttled=0x0 file=061_img068.mp4
2026-09-10 01:08:13 rss=354M swap=0M cpu=84% cma_free=55M mem_avail=344M cache=1M temp=54.8C hwdec=v4l2m2m-copy pos=161 throttled=0x0 file=136_Kasseitje_169.mp4
2026-09-10 01:08:45 rss=354M swap=0M cpu=87% cma_free=69M mem_avail=355M cache=0M temp=54.8C hwdec=v4l2m2m-copy pos=163 throttled=0x0 file=203_P1020610.mp4
2026-09-10 01:09:16 rss=354M swap=0M cpu=90% cma_free=64M mem_avail=356M cache=32M temp=54.2C hwdec=v4l2m2m-copy pos=166 throttled=0x0 file=1992_kermis-na.mp4
2026-09-10 01:09:47 rss=354M swap=0M cpu=90% cma_free=69M mem_avail=353M cache=32M temp=54.8C hwdec=v4l2m2m-copy pos=166 throttled=0x0 file=1992_kermis-na.mp4
2026-09-10 01:10:18 rss=354M swap=0M cpu=91% cma_free=69M mem_avail=360M cache=32M temp=54.8C hwdec=v4l2m2m-copy pos=166 throttled=0x0 file=1992_kermis-na.mp4
2026-09-10 01:10:50 rss=354M swap=0M cpu=91% cma_free=65M mem_avail=354M cache=31M temp=54.8C hwdec=v4l2m2m-copy pos=166 throttled=0x0 file=1992_kermis-na.mp4
2026-09-10 01:11:21 rss=354M swap=0M cpu=90% cma_free=68M mem_avail=357M cache=32M temp=54.8C hwdec=v4l2m2m-copy pos=166 throttled=0x0 file=1992_kermis-na.mp4
2026-09-10 01:11:52 rss=354M swap=0M cpu=89% cma_free=69M mem_avail=359M cache=32M temp=54.8C hwdec=v4l2m2m-copy pos=166 throttled=0x0 file=1992_kermis-na.mp4
2026-09-10 01:12:23 rss=354M swap=0M cpu=91% cma_free=67M mem_avail=360M cache=32M temp=54.8C hwdec=v4l2m2m-copy pos=166 throttled=0x0 file=1992_kermis-na.mp4
2026-09-10 01:12:55 rss=354M swap=0M cpu=91% cma_free=68M mem_avail=354M cache=32M temp=55.3C hwdec=v4l2m2m-copy pos=166 throttled=0x0 file=1992_kermis-na.mp4
2026-09-10 01:13:26 rss=354M swap=0M cpu=91% cma_free=68M mem_avail=359M cache=32M temp=54.8C hwdec=v4l2m2m-copy pos=166 throttled=0x0 file=1992_kermis-na.mp4
2026-09-10 01:13:57 rss=354M swap=0M cpu=90% cma_free=66M mem_avail=355M cache=32M temp=54.8C hwdec=v4l2m2m-copy pos=166 throttled=0x0 file=1992_kermis-na.mp4
2026-09-10 01:14:28 rss=354M swap=0M cpu=89% cma_free=68M mem_avail=357M cache=32M temp=55.3C hwdec=v4l2m2m-copy pos=166 throttled=0x0 file=1992_kermis-na.mp4
2026-09-10 01:15:00 rss=354M swap=0M cpu=89% cma_free=67M mem_avail=355M cache=31M temp=54.8C hwdec=v4l2m2m-copy pos=166 throttled=0x0 file=1992_kermis-na.mp4
2026-09-10 01:15:31 rss=354M swap=0M cpu=90% cma_free=63M mem_avail=356M cache=32M temp=54.8C hwdec=v4l2m2m-copy pos=166 throttled=0x0 file=1992_kermis-na.mp4
2026-09-10 01:16:02 rss=354M swap=0M cpu=90% cma_free=68M mem_avail=358M cache=32M temp=54.2C hwdec=v4l2m2m-copy pos=166 throttled=0x0 file=1992_kermis-na.mp4
2026-09-10 01:16:33 rss=354M swap=0M cpu=92% cma_free=67M mem_avail=353M cache=32M temp=55.3C hwdec=v4l2m2m-copy pos=166 throttled=0x0 file=1992_kermis-na.mp4
2026-09-10 01:17:05 rss=354M swap=0M cpu=88% cma_free=68M mem_avail=359M cache=32M temp=54.8C hwdec=v4l2m2m-copy pos=166 throttled=0x0 file=1992_kermis-na.mp4
2026-09-10 01:17:36 rss=354M swap=0M cpu=92% cma_free=67M mem_avail=358M cache=32M temp=54.8C hwdec=v4l2m2m-copy pos=166 throttled=0x0 file=1992_kermis-na.mp4
2026-09-10 01:18:07 rss=354M swap=0M cpu=92% cma_free=71M mem_avail=355M cache=32M temp=54.8C hwdec=v4l2m2m-copy pos=166 throttled=0x0 file=1992_kermis-na.mp4
2026-09-10 01:18:38 rss=354M swap=0M cpu=91% cma_free=68M mem_avail=359M cache=32M temp=54.8C hwdec=v4l2m2m-copy pos=166 throttled=0x0 file=1992_kermis-na.mp4
2026-09-10 01:19:09 rss=354M swap=0M cpu=90% cma_free=66M mem_avail=360M cache=32M temp=54.8C hwdec=v4l2m2m-copy pos=166 throttled=0x0 file=1992_kermis-na.mp4
2026-09-10 01:19:41 rss=354M swap=0M cpu=89% cma_free=67M mem_avail=355M cache=32M temp=54.8C hwdec=v4l2m2m-copy pos=166 throttled=0x0 file=1992_kermis-na.mp4
2026-09-10 01:20:12 rss=354M swap=0M cpu=91% cma_free=66M mem_avail=355M cache=32M temp=54.8C hwdec=v4l2m2m-copy pos=166 throttled=0x0 file=1992_kermis-na.mp4
2026-09-10 01:20:43 rss=354M swap=0M cpu=91% cma_free=68M mem_avail=353M cache=32M temp=54.8C hwdec=v4l2m2m-copy pos=166 throttled=0x0 file=1992_kermis-na.mp4
2026-09-10 01:21:14 rss=354M swap=0M cpu=89% cma_free=66M mem_avail=356M cache=32M temp=54.8C hwdec=v4l2m2m-copy pos=166 throttled=0x0 file=1992_kermis-na.mp4
2026-09-10 01:21:46 rss=354M swap=0M cpu=89% cma_free=69M mem_avail=358M cache=32M temp=54.8C hwdec=v4l2m2m-copy pos=166 throttled=0x0 file=1992_kermis-na.mp4
2026-09-10 01:22:17 rss=354M swap=0M cpu=91% cma_free=67M mem_avail=357M cache=32M temp=55.3C hwdec=v4l2m2m-copy pos=166 throttled=0x0 file=1992_kermis-na.mp4
2026-09-10 01:22:48 rss=354M swap=0M cpu=91% cma_free=66M mem_avail=357M cache=32M temp=55.8C hwdec=v4l2m2m-copy pos=166 throttled=0x0 file=1992_kermis-na.mp4
2026-09-10 01:23:19 rss=354M swap=0M cpu=91% cma_free=64M mem_avail=356M cache=32M temp=54.8C hwdec=v4l2m2m-copy pos=166 throttled=0x0 file=1992_kermis-na.mp4
2026-09-10 01:23:51 rss=354M swap=0M cpu=91% cma_free=67M mem_avail=357M cache=32M temp=54.8C hwdec=v4l2m2m-copy pos=166 throttled=0x0 file=1992_kermis-na.mp4
2026-09-10 01:24:22 rss=354M swap=0M cpu=90% cma_free=68M mem_avail=355M cache=32M temp=54.8C hwdec=v4l2m2m-copy pos=166 throttled=0x0 file=1992_kermis-na.mp4
2026-09-10 01:24:53 rss=358M swap=0M cpu=89% cma_free=64M mem_avail=349M cache=32M temp=54.8C hwdec=v4l2m2m-copy pos=166 throttled=0x0 file=1992_kermis-na.mp4
2026-09-10 01:25:24 rss=357M swap=0M cpu=91% cma_free=62M mem_avail=354M cache=32M temp=54.8C hwdec=v4l2m2m-copy pos=166 throttled=0x0 file=1992_kermis-na.mp4
2026-09-10 01:25:56 rss=357M swap=0M cpu=90% cma_free=67M mem_avail=353M cache=32M temp=54.8C hwdec=v4l2m2m-copy pos=166 throttled=0x0 file=1992_kermis-na.mp4
2026-09-10 01:26:27 rss=358M swap=0M cpu=91% cma_free=64M mem_avail=349M cache=32M temp=54.8C hwdec=v4l2m2m-copy pos=166 throttled=0x0 file=1992_kermis-na.mp4
2026-09-10 01:26:58 rss=358M swap=0M cpu=90% cma_free=66M mem_avail=357M cache=32M temp=54.8C hwdec=v4l2m2m-copy pos=166 throttled=0x0 file=1992_kermis-na.mp4
2026-09-10 01:27:29 rss=358M swap=0M cpu=90% cma_free=63M mem_avail=354M cache=31M temp=54.2C hwdec=v4l2m2m-copy pos=166 throttled=0x0 file=1992_kermis-na.mp4
2026-09-10 01:28:01 rss=358M swap=0M cpu=89% cma_free=66M mem_avail=347M cache=3M temp=54.8C hwdec=v4l2m2m-copy pos=166 throttled=0x0 file=1992_kermis-na.mp4
2026-09-10 01:28:32 rss=358M swap=0M cpu=89% cma_free=64M mem_avail=353M cache=32M temp=54.8C hwdec=v4l2m2m-copy pos=167 throttled=0x0 file=1993_voorjaarsactiviteit-na.mp4
2026-09-10 01:29:03 rss=358M swap=0M cpu=90% cma_free=66M mem_avail=357M cache=32M temp=54.8C hwdec=v4l2m2m-copy pos=167 throttled=0x0 file=1993_voorjaarsactiviteit-na.mp4
2026-09-10 01:29:34 rss=358M swap=0M cpu=90% cma_free=65M mem_avail=355M cache=32M temp=54.8C hwdec=v4l2m2m-copy pos=167 throttled=0x0 file=1993_voorjaarsactiviteit-na.mp4
2026-09-10 01:30:06 rss=358M swap=0M cpu=90% cma_free=67M mem_avail=356M cache=32M temp=54.8C hwdec=v4l2m2m-copy pos=167 throttled=0x0 file=1993_voorjaarsactiviteit-na.mp4
2026-09-10 01:30:37 rss=358M swap=0M cpu=90% cma_free=63M mem_avail=354M cache=31M temp=54.8C hwdec=v4l2m2m-copy pos=167 throttled=0x0 file=1993_voorjaarsactiviteit-na.mp4
2026-09-10 01:31:08 rss=358M swap=0M cpu=92% cma_free=66M mem_avail=357M cache=32M temp=55.3C hwdec=v4l2m2m-copy pos=167 throttled=0x0 file=1993_voorjaarsactiviteit-na.mp4
2026-09-10 01:31:39 rss=358M swap=0M cpu=90% cma_free=62M mem_avail=351M cache=32M temp=54.8C hwdec=v4l2m2m-copy pos=167 throttled=0x0 file=1993_voorjaarsactiviteit-na.mp4
2026-09-10 01:32:10 rss=358M swap=0M cpu=89% cma_free=64M mem_avail=351M cache=32M temp=54.8C hwdec=v4l2m2m-copy pos=167 throttled=0x0 file=1993_voorjaarsactiviteit-na.mp4
2026-09-10 01:32:42 rss=358M swap=0M cpu=90% cma_free=62M mem_avail=349M cache=32M temp=54.8C hwdec=v4l2m2m-copy pos=167 throttled=0x0 file=1993_voorjaarsactiviteit-na.mp4
2026-09-10 01:33:13 rss=358M swap=0M cpu=91% cma_free=65M mem_avail=353M cache=32M temp=54.8C hwdec=v4l2m2m-copy pos=167 throttled=0x0 file=1993_voorjaarsactiviteit-na.mp4
2026-09-10 01:33:44 rss=358M swap=0M cpu=91% cma_free=66M mem_avail=352M cache=32M temp=54.8C hwdec=v4l2m2m-copy pos=167 throttled=0x0 file=1993_voorjaarsactiviteit-na.mp4
2026-09-10 01:34:15 rss=358M swap=0M cpu=91% cma_free=64M mem_avail=353M cache=32M temp=54.8C hwdec=v4l2m2m-copy pos=167 throttled=0x0 file=1993_voorjaarsactiviteit-na.mp4
2026-09-10 01:34:47 rss=358M swap=0M cpu=91% cma_free=67M mem_avail=356M cache=32M temp=54.8C hwdec=v4l2m2m-copy pos=167 throttled=0x0 file=1993_voorjaarsactiviteit-na.mp4
2026-09-10 01:35:18 rss=358M swap=0M cpu=90% cma_free=62M mem_avail=347M cache=32M temp=54.8C hwdec=v4l2m2m-copy pos=167 throttled=0x0 file=1993_voorjaarsactiviteit-na.mp4
2026-09-10 01:35:49 rss=358M swap=0M cpu=89% cma_free=63M mem_avail=349M cache=1M temp=54.8C hwdec=v4l2m2m-copy pos=167 throttled=0x0 file=1993_voorjaarsactiviteit-na.mp4
2026-09-10 01:36:20 rss=358M swap=0M cpu=87% cma_free=52M mem_avail=346M cache=0M temp=54.8C hwdec=v4l2m2m-copy pos=170 throttled=0x0 file=143_Kasseitje_176.mp4
2026-09-10 01:36:52 rss=358M swap=0M cpu=88% cma_free=61M mem_avail=354M cache=0M temp=54.2C hwdec=v4l2m2m-copy pos=173 throttled=0x0 file=134_Kasseitje_167.mp4
2026-09-10 01:37:23 rss=361M swap=0M cpu=90% cma_free=66M mem_avail=349M cache=32M temp=55.3C hwdec=v4l2m2m-copy pos=175 throttled=0x0 file=1973_kermis-na.mp4
2026-09-10 01:37:54 rss=363M swap=0M cpu=93% cma_free=65M mem_avail=347M cache=32M temp=54.8C hwdec=v4l2m2m-copy pos=175 throttled=0x0 file=1973_kermis-na.mp4
2026-09-10 01:38:25 rss=363M swap=0M cpu=91% cma_free=65M mem_avail=347M cache=32M temp=54.8C hwdec=v4l2m2m-copy pos=175 throttled=0x0 file=1973_kermis-na.mp4
2026-09-10 01:38:57 rss=363M swap=0M cpu=91% cma_free=66M mem_avail=348M cache=32M temp=54.8C hwdec=v4l2m2m-copy pos=175 throttled=0x0 file=1973_kermis-na.mp4
2026-09-10 01:39:28 rss=365M swap=0M cpu=90% cma_free=66M mem_avail=345M cache=32M temp=54.8C hwdec=v4l2m2m-copy pos=175 throttled=0x0 file=1973_kermis-na.mp4
2026-09-10 01:39:59 rss=365M swap=0M cpu=91% cma_free=66M mem_avail=349M cache=32M temp=54.8C hwdec=v4l2m2m-copy pos=175 throttled=0x0 file=1973_kermis-na.mp4
2026-09-10 01:40:30 rss=367M swap=0M cpu=90% cma_free=65M mem_avail=339M cache=32M temp=54.8C hwdec=v4l2m2m-copy pos=175 throttled=0x0 file=1973_kermis-na.mp4
2026-09-10 01:41:02 rss=367M swap=0M cpu=90% cma_free=64M mem_avail=343M cache=32M temp=54.8C hwdec=v4l2m2m-copy pos=175 throttled=0x0 file=1973_kermis-na.mp4
2026-09-10 01:41:33 rss=367M swap=0M cpu=91% cma_free=62M mem_avail=343M cache=32M temp=54.8C hwdec=v4l2m2m-copy pos=175 throttled=0x0 file=1973_kermis-na.mp4
2026-09-10 01:42:04 rss=367M swap=0M cpu=91% cma_free=61M mem_avail=346M cache=32M temp=54.8C hwdec=v4l2m2m-copy pos=175 throttled=0x0 file=1973_kermis-na.mp4
2026-09-10 01:42:35 rss=367M swap=0M cpu=93% cma_free=61M mem_avail=342M cache=32M temp=55.3C hwdec=v4l2m2m-copy pos=175 throttled=0x0 file=1973_kermis-na.mp4
2026-09-10 01:43:07 rss=367M swap=0M cpu=91% cma_free=63M mem_avail=343M cache=31M temp=54.8C hwdec=v4l2m2m-copy pos=175 throttled=0x0 file=1973_kermis-na.mp4
2026-09-10 01:43:38 rss=367M swap=0M cpu=90% cma_free=64M mem_avail=341M cache=32M temp=54.8C hwdec=v4l2m2m-copy pos=175 throttled=0x0 file=1973_kermis-na.mp4
2026-09-10 01:44:09 rss=367M swap=0M cpu=91% cma_free=60M mem_avail=341M cache=32M temp=54.8C hwdec=v4l2m2m-copy pos=175 throttled=0x0 file=1973_kermis-na.mp4
2026-09-10 01:44:40 rss=367M swap=0M cpu=91% cma_free=64M mem_avail=344M cache=32M temp=54.8C hwdec=v4l2m2m-copy pos=175 throttled=0x0 file=1973_kermis-na.mp4
2026-09-10 01:45:12 rss=367M swap=0M cpu=90% cma_free=61M mem_avail=343M cache=32M temp=54.2C hwdec=v4l2m2m-copy pos=175 throttled=0x0 file=1973_kermis-na.mp4
2026-09-10 01:45:43 rss=367M swap=0M cpu=91% cma_free=63M mem_avail=338M cache=32M temp=54.8C hwdec=v4l2m2m-copy pos=175 throttled=0x0 file=1973_kermis-na.mp4
2026-09-10 01:46:14 rss=367M swap=0M cpu=91% cma_free=61M mem_avail=344M cache=32M temp=54.8C hwdec=v4l2m2m-copy pos=175 throttled=0x0 file=1973_kermis-na.mp4
2026-09-10 01:46:45 rss=367M swap=0M cpu=91% cma_free=66M mem_avail=340M cache=31M temp=54.2C hwdec=v4l2m2m-copy pos=175 throttled=0x0 file=1973_kermis-na.mp4
2026-09-10 01:47:16 rss=367M swap=0M cpu=92% cma_free=62M mem_avail=344M cache=32M temp=54.8C hwdec=v4l2m2m-copy pos=175 throttled=0x0 file=1973_kermis-na.mp4
2026-09-10 01:47:48 rss=367M swap=0M cpu=90% cma_free=61M mem_avail=337M cache=32M temp=54.8C hwdec=v4l2m2m-copy pos=175 throttled=0x0 file=1973_kermis-na.mp4
2026-09-10 01:48:19 rss=367M swap=0M cpu=87% cma_free=61M mem_avail=343M cache=26M temp=54.8C hwdec=v4l2m2m-copy pos=175 throttled=0x0 file=1973_kermis-na.mp4
2026-09-10 01:48:50 rss=367M swap=0M cpu=89% cma_free=61M mem_avail=343M cache=0M temp=54.8C hwdec=v4l2m2m-copy pos=175 throttled=0x0 file=1973_kermis-na.mp4
2026-09-10 01:49:21 rss=375M swap=0M cpu=87% cma_free=63M mem_avail=330M cache=0M temp=54.8C hwdec=v4l2m2m-copy pos=178 throttled=0x0 file=151_Kasseitje_184.mp4
2026-09-10 01:49:53 rss=375M swap=0M cpu=86% cma_free=62M mem_avail=326M cache=0M temp=54.2C hwdec=v4l2m2m-copy pos=181 throttled=0x0 file=067_img099.mp4
2026-09-10 01:50:24 rss=375M swap=0M cpu=86% cma_free=57M mem_avail=327M cache=0M temp=54.2C hwdec=v4l2m2m-copy pos=184 throttled=0x0 file=122_Kasseitje_139.mp4
2026-09-10 01:50:55 rss=375M swap=0M cpu=86% cma_free=56M mem_avail=331M cache=0M temp=54.8C hwdec=v4l2m2m-copy pos=187 throttled=0x0 file=097_Kasseitje_070.mp4
2026-09-10 01:51:26 rss=375M swap=0M cpu=87% cma_free=60M mem_avail=326M cache=0M temp=54.2C hwdec=v4l2m2m-copy pos=190 throttled=0x0 file=215_XXX_Kermis_010.mp4
2026-09-10 01:51:58 rss=375M swap=0M cpu=90% cma_free=58M mem_avail=319M cache=32M temp=54.8C hwdec=v4l2m2m-copy pos=193 throttled=0x0 file=1966_kermis-na.mp4
2026-09-10 01:52:29 rss=375M swap=0M cpu=91% cma_free=61M mem_avail=336M cache=32M temp=54.8C hwdec=v4l2m2m-copy pos=193 throttled=0x0 file=1966_kermis-na.mp4
2026-09-10 01:53:00 rss=375M swap=0M cpu=90% cma_free=67M mem_avail=337M cache=32M temp=54.8C hwdec=v4l2m2m-copy pos=193 throttled=0x0 file=1966_kermis-na.mp4
2026-09-10 01:53:31 rss=375M swap=0M cpu=90% cma_free=65M mem_avail=335M cache=32M temp=54.2C hwdec=v4l2m2m-copy pos=193 throttled=0x0 file=1966_kermis-na.mp4
2026-09-10 01:54:02 rss=375M swap=0M cpu=90% cma_free=65M mem_avail=333M cache=32M temp=54.2C hwdec=v4l2m2m-copy pos=193 throttled=0x0 file=1966_kermis-na.mp4
2026-09-10 01:54:34 rss=375M swap=0M cpu=91% cma_free=65M mem_avail=335M cache=32M temp=54.8C hwdec=v4l2m2m-copy pos=193 throttled=0x0 file=1966_kermis-na.mp4
2026-09-10 01:55:05 rss=375M swap=0M cpu=90% cma_free=66M mem_avail=336M cache=32M temp=54.8C hwdec=v4l2m2m-copy pos=193 throttled=0x0 file=1966_kermis-na.mp4
2026-09-10 01:55:36 rss=375M swap=0M cpu=91% cma_free=67M mem_avail=333M cache=32M temp=55.3C hwdec=v4l2m2m-copy pos=193 throttled=0x0 file=1966_kermis-na.mp4
2026-09-10 01:56:07 rss=375M swap=0M cpu=90% cma_free=65M mem_avail=334M cache=32M temp=54.8C hwdec=v4l2m2m-copy pos=193 throttled=0x0 file=1966_kermis-na.mp4
2026-09-10 01:56:39 rss=375M swap=0M cpu=90% cma_free=64M mem_avail=334M cache=32M temp=54.8C hwdec=v4l2m2m-copy pos=193 throttled=0x0 file=1966_kermis-na.mp4
2026-09-10 01:57:10 rss=375M swap=0M cpu=89% cma_free=63M mem_avail=333M cache=32M temp=54.8C hwdec=v4l2m2m-copy pos=193 throttled=0x0 file=1966_kermis-na.mp4
2026-09-10 01:57:41 rss=375M swap=0M cpu=90% cma_free=64M mem_avail=337M cache=32M temp=54.2C hwdec=v4l2m2m-copy pos=193 throttled=0x0 file=1966_kermis-na.mp4
2026-09-10 01:58:12 rss=375M swap=0M cpu=91% cma_free=65M mem_avail=330M cache=32M temp=54.2C hwdec=v4l2m2m-copy pos=193 throttled=0x0 file=1966_kermis-na.mp4
2026-09-10 01:58:43 rss=375M swap=0M cpu=89% cma_free=66M mem_avail=335M cache=32M temp=54.2C hwdec=v4l2m2m-copy pos=193 throttled=0x0 file=1966_kermis-na.mp4
2026-09-10 01:59:15 rss=375M swap=0M cpu=92% cma_free=63M mem_avail=334M cache=32M temp=54.2C hwdec=v4l2m2m-copy pos=193 throttled=0x0 file=1966_kermis-na.mp4
2026-09-10 01:59:46 rss=375M swap=0M cpu=89% cma_free=64M mem_avail=336M cache=32M temp=54.2C hwdec=v4l2m2m-copy pos=193 throttled=0x0 file=1966_kermis-na.mp4
2026-09-10 02:00:17 rss=375M swap=0M cpu=91% cma_free=67M mem_avail=334M cache=32M temp=54.8C hwdec=v4l2m2m-copy pos=193 throttled=0x0 file=1966_kermis-na.mp4
2026-09-10 02:00:48 rss=375M swap=0M cpu=89% cma_free=65M mem_avail=336M cache=32M temp=54.2C hwdec=v4l2m2m-copy pos=193 throttled=0x0 file=1966_kermis-na.mp4
2026-09-10 02:01:20 rss=375M swap=0M cpu=90% cma_free=65M mem_avail=336M cache=32M temp=54.8C hwdec=v4l2m2m-copy pos=193 throttled=0x0 file=1966_kermis-na.mp4
2026-09-10 02:01:51 rss=375M swap=0M cpu=90% cma_free=66M mem_avail=334M cache=32M temp=54.8C hwdec=v4l2m2m-copy pos=193 throttled=0x0 file=1966_kermis-na.mp4
2026-09-10 02:02:22 rss=375M swap=0M cpu=90% cma_free=66M mem_avail=336M cache=32M temp=54.8C hwdec=v4l2m2m-copy pos=193 throttled=0x0 file=1966_kermis-na.mp4
2026-09-10 02:02:53 rss=375M swap=0M cpu=90% cma_free=68M mem_avail=329M cache=32M temp=54.8C hwdec=v4l2m2m-copy pos=193 throttled=0x0 file=1966_kermis-na.mp4
2026-09-10 02:03:25 rss=375M swap=0M cpu=90% cma_free=65M mem_avail=330M cache=32M temp=55.3C hwdec=v4l2m2m-copy pos=193 throttled=0x0 file=1966_kermis-na.mp4
2026-09-10 02:03:56 rss=375M swap=0M cpu=92% cma_free=65M mem_avail=336M cache=32M temp=54.2C hwdec=v4l2m2m-copy pos=193 throttled=0x0 file=1966_kermis-na.mp4
2026-09-10 02:04:27 rss=375M swap=0M cpu=88% cma_free=66M mem_avail=327M cache=32M temp=54.8C hwdec=v4l2m2m-copy pos=193 throttled=0x0 file=1966_kermis-na.mp4
2026-09-10 02:04:58 rss=375M swap=0M cpu=90% cma_free=65M mem_avail=337M cache=32M temp=54.2C hwdec=v4l2m2m-copy pos=193 throttled=0x0 file=1966_kermis-na.mp4
2026-09-10 02:05:29 rss=375M swap=0M cpu=92% cma_free=67M mem_avail=337M cache=32M temp=54.8C hwdec=v4l2m2m-copy pos=193 throttled=0x0 file=1966_kermis-na.mp4
2026-09-10 02:06:01 rss=375M swap=0M cpu=90% cma_free=66M mem_avail=338M cache=32M temp=54.2C hwdec=v4l2m2m-copy pos=193 throttled=0x0 file=1966_kermis-na.mp4
2026-09-10 02:06:32 rss=375M swap=0M cpu=90% cma_free=67M mem_avail=333M cache=32M temp=54.8C hwdec=v4l2m2m-copy pos=193 throttled=0x0 file=1966_kermis-na.mp4
2026-09-10 02:07:03 rss=375M swap=0M cpu=91% cma_free=66M mem_avail=331M cache=32M temp=54.2C hwdec=v4l2m2m-copy pos=193 throttled=0x0 file=1966_kermis-na.mp4
2026-09-10 02:07:34 rss=375M swap=0M cpu=91% cma_free=67M mem_avail=337M cache=32M temp=54.8C hwdec=v4l2m2m-copy pos=193 throttled=0x0 file=1966_kermis-na.mp4
2026-09-10 02:08:06 rss=375M swap=0M cpu=90% cma_free=66M mem_avail=337M cache=32M temp=54.8C hwdec=v4l2m2m-copy pos=193 throttled=0x0 file=1966_kermis-na.mp4
2026-09-10 02:08:37 rss=375M swap=0M cpu=89% cma_free=66M mem_avail=337M cache=32M temp=55.3C hwdec=v4l2m2m-copy pos=193 throttled=0x0 file=1966_kermis-na.mp4
2026-09-10 02:09:08 rss=375M swap=0M cpu=89% cma_free=62M mem_avail=336M cache=32M temp=54.8C hwdec=v4l2m2m-copy pos=193 throttled=0x0 file=1966_kermis-na.mp4
2026-09-10 02:09:39 rss=375M swap=0M cpu=89% cma_free=68M mem_avail=335M cache=32M temp=54.8C hwdec=v4l2m2m-copy pos=193 throttled=0x0 file=1966_kermis-na.mp4
2026-09-10 02:10:11 rss=375M swap=0M cpu=89% cma_free=64M mem_avail=330M cache=32M temp=54.8C hwdec=v4l2m2m-copy pos=193 throttled=0x0 file=1966_kermis-na.mp4
2026-09-10 02:10:42 rss=375M swap=0M cpu=90% cma_free=63M mem_avail=336M cache=32M temp=54.8C hwdec=v4l2m2m-copy pos=193 throttled=0x0 file=1966_kermis-na.mp4
2026-09-10 02:11:13 rss=375M swap=0M cpu=89% cma_free=65M mem_avail=339M cache=32M temp=54.2C hwdec=v4l2m2m-copy pos=193 throttled=0x0 file=1966_kermis-na.mp4
2026-09-10 02:11:44 rss=375M swap=0M cpu=92% cma_free=65M mem_avail=335M cache=32M temp=54.8C hwdec=v4l2m2m-copy pos=193 throttled=0x0 file=1966_kermis-na.mp4
2026-09-10 02:12:16 rss=375M swap=0M cpu=92% cma_free=67M mem_avail=334M cache=31M temp=54.8C hwdec=v4l2m2m-copy pos=193 throttled=0x0 file=1966_kermis-na.mp4
2026-09-10 02:12:47 rss=375M swap=0M cpu=91% cma_free=66M mem_avail=334M cache=32M temp=54.8C hwdec=v4l2m2m-copy pos=193 throttled=0x0 file=1966_kermis-na.mp4
2026-09-10 02:13:18 rss=375M swap=0M cpu=91% cma_free=65M mem_avail=332M cache=32M temp=54.8C hwdec=v4l2m2m-copy pos=193 throttled=0x0 file=1966_kermis-na.mp4
2026-09-10 02:13:49 rss=375M swap=0M cpu=91% cma_free=59M mem_avail=334M cache=32M temp=54.2C hwdec=v4l2m2m-copy pos=193 throttled=0x0 file=1966_kermis-na.mp4
2026-09-10 02:14:21 rss=375M swap=0M cpu=93% cma_free=62M mem_avail=330M cache=32M temp=54.2C hwdec=v4l2m2m-copy pos=193 throttled=0x0 file=1966_kermis-na.mp4
2026-09-10 02:14:52 rss=375M swap=0M cpu=91% cma_free=66M mem_avail=329M cache=32M temp=54.8C hwdec=v4l2m2m-copy pos=193 throttled=0x0 file=1966_kermis-na.mp4
2026-09-10 02:15:23 rss=375M swap=0M cpu=88% cma_free=66M mem_avail=336M cache=32M temp=54.8C hwdec=v4l2m2m-copy pos=193 throttled=0x0 file=1966_kermis-na.mp4
2026-09-10 02:15:54 rss=375M swap=0M cpu=90% cma_free=64M mem_avail=334M cache=32M temp=54.8C hwdec=v4l2m2m-copy pos=193 throttled=0x0 file=1966_kermis-na.mp4
2026-09-10 02:16:26 rss=375M swap=0M cpu=90% cma_free=65M mem_avail=335M cache=32M temp=54.8C hwdec=v4l2m2m-copy pos=193 throttled=0x0 file=1966_kermis-na.mp4
2026-09-10 02:16:57 rss=375M swap=0M cpu=92% cma_free=61M mem_avail=331M cache=32M temp=54.8C hwdec=v4l2m2m-copy pos=193 throttled=0x0 file=1966_kermis-na.mp4
2026-09-10 02:17:28 rss=375M swap=0M cpu=90% cma_free=63M mem_avail=334M cache=32M temp=54.8C hwdec=v4l2m2m-copy pos=193 throttled=0x0 file=1966_kermis-na.mp4
2026-09-10 02:17:59 rss=375M swap=0M cpu=90% cma_free=66M mem_avail=337M cache=32M temp=54.8C hwdec=v4l2m2m-copy pos=193 throttled=0x0 file=1966_kermis-na.mp4
2026-09-10 02:18:31 rss=375M swap=0M cpu=91% cma_free=63M mem_avail=333M cache=32M temp=55.3C hwdec=v4l2m2m-copy pos=193 throttled=0x0 file=1966_kermis-na.mp4
2026-09-10 02:19:02 rss=375M swap=0M cpu=92% cma_free=68M mem_avail=333M cache=32M temp=55.8C hwdec=v4l2m2m-copy pos=193 throttled=0x0 file=1966_kermis-na.mp4
2026-09-10 02:19:33 rss=375M swap=0M cpu=90% cma_free=62M mem_avail=329M cache=32M temp=54.8C hwdec=v4l2m2m-copy pos=193 throttled=0x0 file=1966_kermis-na.mp4
2026-09-10 02:20:04 rss=375M swap=0M cpu=89% cma_free=66M mem_avail=337M cache=32M temp=54.8C hwdec=v4l2m2m-copy pos=193 throttled=0x0 file=1966_kermis-na.mp4
2026-09-10 02:20:36 rss=375M swap=0M cpu=89% cma_free=65M mem_avail=333M cache=32M temp=54.8C hwdec=v4l2m2m-copy pos=193 throttled=0x0 file=1966_kermis-na.mp4
2026-09-10 02:21:07 rss=375M swap=0M cpu=91% cma_free=64M mem_avail=333M cache=32M temp=54.2C hwdec=v4l2m2m-copy pos=193 throttled=0x0 file=1966_kermis-na.mp4
2026-09-10 02:21:38 rss=375M swap=0M cpu=93% cma_free=66M mem_avail=334M cache=32M temp=54.8C hwdec=v4l2m2m-copy pos=193 throttled=0x0 file=1966_kermis-na.mp4
2026-09-10 02:22:09 rss=375M swap=0M cpu=90% cma_free=66M mem_avail=328M cache=32M temp=54.8C hwdec=v4l2m2m-copy pos=193 throttled=0x0 file=1966_kermis-na.mp4
2026-09-10 02:22:40 rss=375M swap=0M cpu=93% cma_free=65M mem_avail=335M cache=32M temp=54.8C hwdec=v4l2m2m-copy pos=193 throttled=0x0 file=1966_kermis-na.mp4
2026-09-10 02:23:12 rss=375M swap=0M cpu=89% cma_free=63M mem_avail=334M cache=32M temp=54.8C hwdec=v4l2m2m-copy pos=193 throttled=0x0 file=1966_kermis-na.mp4
2026-09-10 02:23:43 rss=375M swap=0M cpu=90% cma_free=66M mem_avail=333M cache=32M temp=55.3C hwdec=v4l2m2m-copy pos=193 throttled=0x0 file=1966_kermis-na.mp4
2026-09-10 02:24:14 rss=375M swap=0M cpu=90% cma_free=63M mem_avail=333M cache=32M temp=55.3C hwdec=v4l2m2m-copy pos=193 throttled=0x0 file=1966_kermis-na.mp4
2026-09-10 02:24:45 rss=375M swap=0M cpu=89% cma_free=62M mem_avail=332M cache=32M temp=54.8C hwdec=v4l2m2m-copy pos=193 throttled=0x0 file=1966_kermis-na.mp4
2026-09-10 02:25:17 rss=375M swap=0M cpu=88% cma_free=67M mem_avail=336M cache=32M temp=55.3C hwdec=v4l2m2m-copy pos=193 throttled=0x0 file=1966_kermis-na.mp4
2026-09-10 02:25:48 rss=375M swap=0M cpu=90% cma_free=62M mem_avail=330M cache=32M temp=54.8C hwdec=v4l2m2m-copy pos=193 throttled=0x0 file=1966_kermis-na.mp4
2026-09-10 02:26:19 rss=375M swap=0M cpu=94% cma_free=65M mem_avail=333M cache=32M temp=55.3C hwdec=v4l2m2m-copy pos=193 throttled=0x0 file=1966_kermis-na.mp4
2026-09-10 02:26:50 rss=375M swap=0M cpu=89% cma_free=63M mem_avail=330M cache=32M temp=54.8C hwdec=v4l2m2m-copy pos=193 throttled=0x0 file=1966_kermis-na.mp4
2026-09-10 02:27:22 rss=375M swap=0M cpu=90% cma_free=62M mem_avail=334M cache=32M temp=54.8C hwdec=v4l2m2m-copy pos=193 throttled=0x0 file=1966_kermis-na.mp4
2026-09-10 02:27:53 rss=375M swap=0M cpu=93% cma_free=60M mem_avail=329M cache=32M temp=54.8C hwdec=v4l2m2m-copy pos=193 throttled=0x0 file=1966_kermis-na.mp4
2026-09-10 02:28:24 rss=375M swap=0M cpu=91% cma_free=67M mem_avail=337M cache=32M temp=54.8C hwdec=v4l2m2m-copy pos=193 throttled=0x0 file=1966_kermis-na.mp4
2026-09-10 02:28:55 rss=375M swap=0M cpu=90% cma_free=66M mem_avail=332M cache=32M temp=54.8C hwdec=v4l2m2m-copy pos=193 throttled=0x0 file=1966_kermis-na.mp4
2026-09-10 02:29:27 rss=375M swap=0M cpu=88% cma_free=68M mem_avail=333M cache=32M temp=54.8C hwdec=v4l2m2m-copy pos=193 throttled=0x0 file=1966_kermis-na.mp4
2026-09-10 02:29:58 rss=375M swap=0M cpu=91% cma_free=65M mem_avail=332M cache=32M temp=54.8C hwdec=v4l2m2m-copy pos=193 throttled=0x0 file=1966_kermis-na.mp4
2026-09-10 02:30:29 rss=375M swap=0M cpu=90% cma_free=65M mem_avail=330M cache=32M temp=54.8C hwdec=v4l2m2m-copy pos=193 throttled=0x0 file=1966_kermis-na.mp4
2026-09-10 02:31:00 rss=375M swap=0M cpu=89% cma_free=67M mem_avail=336M cache=32M temp=54.8C hwdec=v4l2m2m-copy pos=193 throttled=0x0 file=1966_kermis-na.mp4
2026-09-10 02:31:31 rss=375M swap=0M cpu=89% cma_free=65M mem_avail=334M cache=32M temp=54.8C hwdec=v4l2m2m-copy pos=193 throttled=0x0 file=1966_kermis-na.mp4
2026-09-10 02:32:03 rss=375M swap=0M cpu=88% cma_free=67M mem_avail=334M cache=32M temp=54.8C hwdec=v4l2m2m-copy pos=193 throttled=0x0 file=1966_kermis-na.mp4
2026-09-10 02:32:34 rss=375M swap=0M cpu=90% cma_free=64M mem_avail=331M cache=31M temp=54.8C hwdec=v4l2m2m-copy pos=193 throttled=0x0 file=1966_kermis-na.mp4
2026-09-10 02:33:05 rss=375M swap=0M cpu=90% cma_free=65M mem_avail=333M cache=32M temp=54.2C hwdec=v4l2m2m-copy pos=193 throttled=0x0 file=1966_kermis-na.mp4
2026-09-10 02:33:36 rss=375M swap=0M cpu=89% cma_free=68M mem_avail=335M cache=32M temp=54.8C hwdec=v4l2m2m-copy pos=193 throttled=0x0 file=1966_kermis-na.mp4
2026-09-10 02:34:08 rss=375M swap=0M cpu=89% cma_free=65M mem_avail=335M cache=32M temp=54.8C hwdec=v4l2m2m-copy pos=193 throttled=0x0 file=1966_kermis-na.mp4
2026-09-10 02:34:39 rss=375M swap=0M cpu=90% cma_free=66M mem_avail=336M cache=32M temp=54.2C hwdec=v4l2m2m-copy pos=193 throttled=0x0 file=1966_kermis-na.mp4
2026-09-10 02:35:10 rss=375M swap=0M cpu=91% cma_free=64M mem_avail=330M cache=32M temp=54.8C hwdec=v4l2m2m-copy pos=193 throttled=0x0 file=1966_kermis-na.mp4
2026-09-10 02:35:41 rss=375M swap=0M cpu=91% cma_free=63M mem_avail=331M cache=31M temp=55.3C hwdec=v4l2m2m-copy pos=193 throttled=0x0 file=1966_kermis-na.mp4
2026-09-10 02:36:13 rss=375M swap=0M cpu=90% cma_free=66M mem_avail=333M cache=32M temp=54.8C hwdec=v4l2m2m-copy pos=193 throttled=0x0 file=1966_kermis-na.mp4
2026-09-10 02:36:44 rss=375M swap=0M cpu=89% cma_free=66M mem_avail=333M cache=32M temp=54.8C hwdec=v4l2m2m-copy pos=193 throttled=0x0 file=1966_kermis-na.mp4
2026-09-10 02:37:15 rss=375M swap=0M cpu=91% cma_free=64M mem_avail=333M cache=32M temp=54.2C hwdec=v4l2m2m-copy pos=193 throttled=0x0 file=1966_kermis-na.mp4
2026-09-10 02:37:46 rss=375M swap=0M cpu=89% cma_free=65M mem_avail=329M cache=32M temp=54.8C hwdec=v4l2m2m-copy pos=193 throttled=0x0 file=1966_kermis-na.mp4
2026-09-10 02:38:18 rss=375M swap=0M cpu=92% cma_free=64M mem_avail=334M cache=32M temp=54.8C hwdec=v4l2m2m-copy pos=193 throttled=0x0 file=1966_kermis-na.mp4
2026-09-10 02:38:49 rss=375M swap=0M cpu=91% cma_free=61M mem_avail=333M cache=32M temp=54.8C hwdec=v4l2m2m-copy pos=193 throttled=0x0 file=1966_kermis-na.mp4
2026-09-10 02:39:20 rss=375M swap=0M cpu=89% cma_free=67M mem_avail=326M cache=32M temp=54.2C hwdec=v4l2m2m-copy pos=193 throttled=0x0 file=1966_kermis-na.mp4
2026-09-10 02:39:51 rss=375M swap=0M cpu=88% cma_free=64M mem_avail=337M cache=32M temp=54.8C hwdec=v4l2m2m-copy pos=193 throttled=0x0 file=1966_kermis-na.mp4
2026-09-10 02:40:22 rss=375M swap=0M cpu=90% cma_free=65M mem_avail=331M cache=32M temp=53.7C hwdec=v4l2m2m-copy pos=193 throttled=0x0 file=1966_kermis-na.mp4
2026-09-10 02:40:54 rss=375M swap=0M cpu=93% cma_free=65M mem_avail=329M cache=32M temp=54.8C hwdec=v4l2m2m-copy pos=193 throttled=0x0 file=1966_kermis-na.mp4
2026-09-10 02:41:25 rss=375M swap=0M cpu=90% cma_free=68M mem_avail=334M cache=32M temp=54.2C hwdec=v4l2m2m-copy pos=193 throttled=0x0 file=1966_kermis-na.mp4
2026-09-10 02:41:56 rss=375M swap=0M cpu=92% cma_free=66M mem_avail=331M cache=32M temp=54.8C hwdec=v4l2m2m-copy pos=193 throttled=0x0 file=1966_kermis-na.mp4
2026-09-10 02:42:27 rss=375M swap=0M cpu=88% cma_free=66M mem_avail=331M cache=17M temp=54.8C hwdec=v4l2m2m-copy pos=193 throttled=0x0 file=1966_kermis-na.mp4
2026-09-10 02:42:59 rss=395M swap=0M cpu=87% cma_free=54M mem_avail=308M cache=0M temp=54.8C hwdec=v4l2m2m-copy pos=194 throttled=0x0 file=185_Kasseitje_421.mp4
2026-09-10 02:43:30 rss=407M swap=0M cpu=90% cma_free=45M mem_avail=298M cache=32M temp=54.8C hwdec=v4l2m2m-copy pos=195 throttled=0x0 file=1992_viva_espania-na.mp4
2026-09-10 02:44:01 rss=408M swap=0M cpu=90% cma_free=50M mem_avail=304M cache=32M temp=55.3C hwdec=v4l2m2m-copy pos=195 throttled=0x0 file=1992_viva_espania-na.mp4
2026-09-10 02:44:32 rss=408M swap=0M cpu=90% cma_free=47M mem_avail=296M cache=19M temp=54.2C hwdec=v4l2m2m-copy pos=195 throttled=0x0 file=1992_viva_espania-na.mp4
2026-09-10 02:45:04 rss=418M swap=0M cpu=87% cma_free=62M mem_avail=274M cache=0M temp=54.8C hwdec=v4l2m2m-copy pos=197 throttled=0x0 file=022_1981_Kermis_008.mp4
2026-09-10 02:45:35 rss=384M swap=0M cpu=90% cma_free=61M mem_avail=286M cache=32M temp=54.8C hwdec=v4l2m2m-copy pos=198 throttled=0x0 file=2000_langste_bloementapijt-02-na.mp4
2026-09-10 02:46:06 rss=371M swap=0M cpu=90% cma_free=64M mem_avail=266M cache=32M temp=55.3C hwdec=v4l2m2m-copy pos=198 throttled=0x0 file=2000_langste_bloementapijt-02-na.mp4
2026-09-10 02:46:37 rss=371M swap=0M cpu=92% cma_free=64M mem_avail=287M cache=32M temp=54.8C hwdec=v4l2m2m-copy pos=198 throttled=0x0 file=2000_langste_bloementapijt-02-na.mp4
2026-09-10 02:47:09 rss=371M swap=0M cpu=90% cma_free=64M mem_avail=289M cache=32M temp=54.8C hwdec=v4l2m2m-copy pos=198 throttled=0x0 file=2000_langste_bloementapijt-02-na.mp4
2026-09-10 02:47:40 rss=371M swap=0M cpu=89% cma_free=64M mem_avail=290M cache=32M temp=54.8C hwdec=v4l2m2m-copy pos=198 throttled=0x0 file=2000_langste_bloementapijt-02-na.mp4
2026-09-10 02:48:11 rss=371M swap=0M cpu=89% cma_free=64M mem_avail=288M cache=32M temp=54.2C hwdec=v4l2m2m-copy pos=198 throttled=0x0 file=2000_langste_bloementapijt-02-na.mp4
2026-09-10 02:48:42 rss=371M swap=0M cpu=91% cma_free=64M mem_avail=283M cache=31M temp=54.8C hwdec=v4l2m2m-copy pos=198 throttled=0x0 file=2000_langste_bloementapijt-02-na.mp4
2026-09-10 02:49:13 rss=371M swap=0M cpu=90% cma_free=64M mem_avail=291M cache=32M temp=54.8C hwdec=v4l2m2m-copy pos=198 throttled=0x0 file=2000_langste_bloementapijt-02-na.mp4
2026-09-10 02:49:45 rss=371M swap=0M cpu=90% cma_free=64M mem_avail=282M cache=32M temp=54.8C hwdec=v4l2m2m-copy pos=198 throttled=0x0 file=2000_langste_bloementapijt-02-na.mp4
2026-09-10 02:50:16 rss=371M swap=0M cpu=91% cma_free=64M mem_avail=293M cache=32M temp=54.2C hwdec=v4l2m2m-copy pos=198 throttled=0x0 file=2000_langste_bloementapijt-02-na.mp4
2026-09-10 02:50:47 rss=371M swap=0M cpu=91% cma_free=64M mem_avail=285M cache=32M temp=54.8C hwdec=v4l2m2m-copy pos=198 throttled=0x0 file=2000_langste_bloementapijt-02-na.mp4
2026-09-10 02:51:18 rss=371M swap=0M cpu=90% cma_free=64M mem_avail=271M cache=32M temp=54.2C hwdec=v4l2m2m-copy pos=198 throttled=0x0 file=2000_langste_bloementapijt-02-na.mp4
2026-09-10 02:51:50 rss=371M swap=0M cpu=91% cma_free=64M mem_avail=289M cache=32M temp=54.8C hwdec=v4l2m2m-copy pos=198 throttled=0x0 file=2000_langste_bloementapijt-02-na.mp4
2026-09-10 02:52:21 rss=371M swap=0M cpu=91% cma_free=64M mem_avail=291M cache=32M temp=54.2C hwdec=v4l2m2m-copy pos=198 throttled=0x0 file=2000_langste_bloementapijt-02-na.mp4
2026-09-10 02:52:52 rss=371M swap=0M cpu=90% cma_free=64M mem_avail=292M cache=32M temp=54.8C hwdec=v4l2m2m-copy pos=198 throttled=0x0 file=2000_langste_bloementapijt-02-na.mp4
2026-09-10 02:53:23 rss=371M swap=0M cpu=89% cma_free=64M mem_avail=289M cache=32M temp=54.8C hwdec=v4l2m2m-copy pos=198 throttled=0x0 file=2000_langste_bloementapijt-02-na.mp4
2026-09-10 02:53:54 rss=371M swap=0M cpu=90% cma_free=64M mem_avail=283M cache=32M temp=54.2C hwdec=v4l2m2m-copy pos=198 throttled=0x0 file=2000_langste_bloementapijt-02-na.mp4
2026-09-10 02:54:26 rss=371M swap=0M cpu=92% cma_free=64M mem_avail=289M cache=31M temp=54.8C hwdec=v4l2m2m-copy pos=198 throttled=0x0 file=2000_langste_bloementapijt-02-na.mp4
2026-09-10 02:54:57 rss=371M swap=0M cpu=90% cma_free=64M mem_avail=294M cache=32M temp=55.8C hwdec=v4l2m2m-copy pos=198 throttled=0x0 file=2000_langste_bloementapijt-02-na.mp4
2026-09-10 02:55:28 rss=371M swap=0M cpu=90% cma_free=64M mem_avail=290M cache=32M temp=54.8C hwdec=v4l2m2m-copy pos=198 throttled=0x0 file=2000_langste_bloementapijt-02-na.mp4
2026-09-10 02:55:59 rss=371M swap=0M cpu=89% cma_free=64M mem_avail=288M cache=32M temp=54.2C hwdec=v4l2m2m-copy pos=198 throttled=0x0 file=2000_langste_bloementapijt-02-na.mp4
2026-09-10 02:56:31 rss=371M swap=0M cpu=90% cma_free=64M mem_avail=265M cache=32M temp=54.8C hwdec=v4l2m2m-copy pos=198 throttled=0x0 file=2000_langste_bloementapijt-02-na.mp4
2026-09-10 02:57:02 rss=373M swap=0M cpu=88% cma_free=64M mem_avail=269M cache=18M temp=54.8C hwdec=v4l2m2m-copy pos=198 throttled=0x0 file=2000_langste_bloementapijt-02-na.mp4
2026-09-10 02:57:33 rss=374M swap=0M cpu=92% cma_free=64M mem_avail=292M cache=32M temp=54.8C hwdec=v4l2m2m-copy pos=200 throttled=0x0 file=1993_optreden-na.mp4
2026-09-10 02:58:04 rss=374M swap=0M cpu=91% cma_free=64M mem_avail=272M cache=32M temp=54.8C hwdec=v4l2m2m-copy pos=200 throttled=0x0 file=1993_optreden-na.mp4
2026-09-10 02:58:36 rss=374M swap=0M cpu=91% cma_free=64M mem_avail=288M cache=31M temp=54.2C hwdec=v4l2m2m-copy pos=200 throttled=0x0 file=1993_optreden-na.mp4
2026-09-10 02:59:07 rss=374M swap=0M cpu=90% cma_free=64M mem_avail=290M cache=32M temp=54.8C hwdec=v4l2m2m-copy pos=200 throttled=0x0 file=1993_optreden-na.mp4
2026-09-10 02:59:38 rss=374M swap=0M cpu=91% cma_free=64M mem_avail=288M cache=32M temp=54.2C hwdec=v4l2m2m-copy pos=200 throttled=0x0 file=1993_optreden-na.mp4
2026-09-10 03:00:09 rss=374M swap=0M cpu=91% cma_free=64M mem_avail=291M cache=32M temp=53.7C hwdec=v4l2m2m-copy pos=200 throttled=0x0 file=1993_optreden-na.mp4
2026-09-10 03:00:40 rss=374M swap=0M cpu=88% cma_free=64M mem_avail=278M cache=32M temp=54.8C hwdec=v4l2m2m-copy pos=200 throttled=0x0 file=1993_optreden-na.mp4
2026-09-10 03:01:12 rss=374M swap=0M cpu=91% cma_free=64M mem_avail=290M cache=32M temp=54.8C hwdec=v4l2m2m-copy pos=200 throttled=0x0 file=1993_optreden-na.mp4
2026-09-10 03:01:43 rss=374M swap=0M cpu=89% cma_free=64M mem_avail=292M cache=32M temp=54.8C hwdec=v4l2m2m-copy pos=200 throttled=0x0 file=1993_optreden-na.mp4
2026-09-10 03:02:14 rss=374M swap=0M cpu=90% cma_free=64M mem_avail=293M cache=32M temp=54.8C hwdec=v4l2m2m-copy pos=200 throttled=0x0 file=1993_optreden-na.mp4
2026-09-10 03:02:45 rss=374M swap=0M cpu=91% cma_free=64M mem_avail=288M cache=32M temp=54.8C hwdec=v4l2m2m-copy pos=200 throttled=0x0 file=1993_optreden-na.mp4
2026-09-10 03:03:17 rss=374M swap=0M cpu=91% cma_free=64M mem_avail=287M cache=32M temp=55.3C hwdec=v4l2m2m-copy pos=200 throttled=0x0 file=1993_optreden-na.mp4
2026-09-10 03:03:48 rss=374M swap=0M cpu=90% cma_free=64M mem_avail=288M cache=32M temp=54.2C hwdec=v4l2m2m-copy pos=200 throttled=0x0 file=1993_optreden-na.mp4
2026-09-10 03:04:19 rss=374M swap=0M cpu=91% cma_free=64M mem_avail=264M cache=32M temp=54.8C hwdec=v4l2m2m-copy pos=200 throttled=0x0 file=1993_optreden-na.mp4
2026-09-10 03:04:50 rss=374M swap=0M cpu=89% cma_free=64M mem_avail=288M cache=32M temp=54.2C hwdec=v4l2m2m-copy pos=200 throttled=0x0 file=1993_optreden-na.mp4
2026-09-10 03:05:22 rss=374M swap=0M cpu=87% cma_free=64M mem_avail=283M cache=22M temp=54.8C hwdec=v4l2m2m-copy pos=200 throttled=0x0 file=1993_optreden-na.mp4
2026-09-10 03:05:53 rss=377M swap=0M cpu=91% cma_free=42M mem_avail=266M cache=1M temp=54.8C hwdec=v4l2m2m-copy pos=202 throttled=0x0 file=059_img066.mp4
2026-09-10 03:06:24 rss=377M swap=0M cpu=87% cma_free=20M mem_avail=283M cache=0M temp=54.8C hwdec=v4l2m2m-copy pos=204 throttled=0x0 file=128_Kasseitje_161.mp4
2026-09-10 03:06:56 rss=377M swap=0M cpu=87% cma_free=59M mem_avail=276M cache=0M temp=54.2C hwdec=v4l2m2m-copy pos=207 throttled=0x0 file=113_Kasseitje_108.mp4
2026-09-10 03:07:27 rss=377M swap=0M cpu=86% cma_free=56M mem_avail=266M cache=0M temp=54.2C hwdec=v4l2m2m-copy pos=210 throttled=0x0 file=007_1975_kruiwagenkoers_001.mp4
2026-09-10 03:07:58 rss=377M swap=0M cpu=87% cma_free=55M mem_avail=283M cache=0M temp=53.7C hwdec=v4l2m2m-copy pos=213 throttled=0x0 file=110_Kasseitje_092.mp4
2026-09-10 03:08:29 rss=377M swap=0M cpu=88% cma_free=49M mem_avail=275M cache=0M temp=54.2C hwdec=v4l2m2m-copy pos=216 throttled=0x0 file=038_1996_Hutsepot_004.mp4
2026-09-10 03:09:01 rss=377M swap=0M cpu=88% cma_free=52M mem_avail=282M cache=0M temp=54.8C hwdec=v4l2m2m-copy pos=219 throttled=0x0 file=044_19XX_Statiestraat_Lochristi_001.mp4
2026-09-10 03:09:32 rss=377M swap=0M cpu=86% cma_free=55M mem_avail=284M cache=1M temp=54.2C hwdec=v4l2m2m-copy pos=222 throttled=0x0 file=194_LUT_1380.mp4
2026-09-10 03:10:03 rss=377M swap=0M cpu=87% cma_free=39M mem_avail=261M cache=1M temp=54.2C hwdec=v4l2m2m-copy pos=225 throttled=0x0 file=206_PICT0063.mp4
2026-09-10 03:10:34 rss=377M swap=0M cpu=88% cma_free=63M mem_avail=283M cache=32M temp=54.8C hwdec=v4l2m2m-copy pos=228 throttled=0x0 file=1993_ballonmeeting-na.mp4
2026-09-10 03:11:05 rss=377M swap=0M cpu=92% cma_free=63M mem_avail=288M cache=32M temp=54.2C hwdec=v4l2m2m-copy pos=228 throttled=0x0 file=1993_ballonmeeting-na.mp4
2026-09-10 03:11:37 rss=377M swap=0M cpu=91% cma_free=63M mem_avail=288M cache=32M temp=54.8C hwdec=v4l2m2m-copy pos=228 throttled=0x0 file=1993_ballonmeeting-na.mp4
2026-09-10 03:12:08 rss=377M swap=0M cpu=90% cma_free=63M mem_avail=286M cache=32M temp=54.8C hwdec=v4l2m2m-copy pos=228 throttled=0x0 file=1993_ballonmeeting-na.mp4
2026-09-10 03:12:39 rss=377M swap=0M cpu=90% cma_free=63M mem_avail=288M cache=32M temp=54.8C hwdec=v4l2m2m-copy pos=228 throttled=0x0 file=1993_ballonmeeting-na.mp4
2026-09-10 03:13:10 rss=377M swap=0M cpu=91% cma_free=63M mem_avail=289M cache=32M temp=54.8C hwdec=v4l2m2m-copy pos=228 throttled=0x0 file=1993_ballonmeeting-na.mp4
2026-09-10 03:13:42 rss=377M swap=0M cpu=91% cma_free=63M mem_avail=285M cache=32M temp=54.8C hwdec=v4l2m2m-copy pos=228 throttled=0x0 file=1993_ballonmeeting-na.mp4
2026-09-10 03:14:13 rss=377M swap=0M cpu=90% cma_free=63M mem_avail=280M cache=32M temp=54.2C hwdec=v4l2m2m-copy pos=228 throttled=0x0 file=1993_ballonmeeting-na.mp4
2026-09-10 03:14:44 rss=377M swap=0M cpu=90% cma_free=63M mem_avail=281M cache=31M temp=54.2C hwdec=v4l2m2m-copy pos=228 throttled=0x0 file=1993_ballonmeeting-na.mp4
2026-09-10 03:15:16 rss=377M swap=0M cpu=90% cma_free=63M mem_avail=286M cache=32M temp=54.2C hwdec=v4l2m2m-copy pos=228 throttled=0x0 file=1993_ballonmeeting-na.mp4
2026-09-10 03:15:47 rss=377M swap=0M cpu=90% cma_free=63M mem_avail=287M cache=32M temp=54.8C hwdec=v4l2m2m-copy pos=228 throttled=0x0 file=1993_ballonmeeting-na.mp4
2026-09-10 03:16:18 rss=377M swap=0M cpu=91% cma_free=63M mem_avail=287M cache=32M temp=54.8C hwdec=v4l2m2m-copy pos=228 throttled=0x0 file=1993_ballonmeeting-na.mp4
2026-09-10 03:16:49 rss=377M swap=0M cpu=90% cma_free=63M mem_avail=283M cache=32M temp=54.8C hwdec=v4l2m2m-copy pos=228 throttled=0x0 file=1993_ballonmeeting-na.mp4
2026-09-10 03:17:20 rss=377M swap=0M cpu=90% cma_free=62M mem_avail=283M cache=32M temp=53.7C hwdec=v4l2m2m-copy pos=228 throttled=0x0 file=1993_ballonmeeting-na.mp4
2026-09-10 03:17:52 rss=377M swap=0M cpu=93% cma_free=62M mem_avail=286M cache=32M temp=54.2C hwdec=v4l2m2m-copy pos=228 throttled=0x0 file=1993_ballonmeeting-na.mp4
2026-09-10 03:18:23 rss=377M swap=0M cpu=89% cma_free=63M mem_avail=283M cache=32M temp=54.8C hwdec=v4l2m2m-copy pos=228 throttled=0x0 file=1993_ballonmeeting-na.mp4
2026-09-10 03:18:54 rss=377M swap=0M cpu=93% cma_free=61M mem_avail=281M cache=32M temp=54.2C hwdec=v4l2m2m-copy pos=228 throttled=0x0 file=1993_ballonmeeting-na.mp4
2026-09-10 03:19:25 rss=377M swap=0M cpu=90% cma_free=61M mem_avail=280M cache=32M temp=54.8C hwdec=v4l2m2m-copy pos=228 throttled=0x0 file=1993_ballonmeeting-na.mp4
2026-09-10 03:19:57 rss=377M swap=0M cpu=90% cma_free=63M mem_avail=287M cache=32M temp=54.8C hwdec=v4l2m2m-copy pos=228 throttled=0x0 file=1993_ballonmeeting-na.mp4
2026-09-10 03:20:28 rss=377M swap=0M cpu=90% cma_free=60M mem_avail=286M cache=32M temp=54.8C hwdec=v4l2m2m-copy pos=228 throttled=0x0 file=1993_ballonmeeting-na.mp4
2026-09-10 03:20:59 rss=377M swap=0M cpu=90% cma_free=60M mem_avail=285M cache=32M temp=54.2C hwdec=v4l2m2m-copy pos=228 throttled=0x0 file=1993_ballonmeeting-na.mp4
2026-09-10 03:21:30 rss=377M swap=0M cpu=93% cma_free=60M mem_avail=283M cache=32M temp=54.8C hwdec=v4l2m2m-copy pos=228 throttled=0x0 file=1993_ballonmeeting-na.mp4
2026-09-10 03:22:02 rss=377M swap=0M cpu=91% cma_free=60M mem_avail=281M cache=32M temp=53.7C hwdec=v4l2m2m-copy pos=228 throttled=0x0 file=1993_ballonmeeting-na.mp4
2026-09-10 03:22:33 rss=377M swap=0M cpu=93% cma_free=63M mem_avail=285M cache=32M temp=54.8C hwdec=v4l2m2m-copy pos=228 throttled=0x0 file=1993_ballonmeeting-na.mp4
2026-09-10 03:23:04 rss=377M swap=0M cpu=91% cma_free=62M mem_avail=285M cache=32M temp=54.8C hwdec=v4l2m2m-copy pos=228 throttled=0x0 file=1993_ballonmeeting-na.mp4
2026-09-10 03:23:35 rss=377M swap=0M cpu=87% cma_free=62M mem_avail=280M cache=1M temp=54.8C hwdec=v4l2m2m-copy pos=228 throttled=0x0 file=1993_ballonmeeting-na.mp4
2026-09-10 03:24:06 rss=360M swap=0M cpu=86% cma_free=61M mem_avail=303M cache=0M temp=54.2C hwdec=v4l2m2m-copy pos=230 throttled=0x0 file=050_2006_Europa_in_bloemen_004.mp4
2026-09-10 03:24:38 rss=360M swap=0M cpu=86% cma_free=50M mem_avail=285M cache=0M temp=54.2C hwdec=v4l2m2m-copy pos=233 throttled=0x0 file=055_CMDS_20220426_66_1.mp4
2026-09-10 03:25:09 rss=360M swap=0M cpu=87% cma_free=63M mem_avail=293M cache=1M temp=54.2C hwdec=v4l2m2m-copy pos=0 throttled=0x0 file=182_Kasseitje_406.mp4
2026-09-10 03:25:40 rss=360M swap=0M cpu=89% cma_free=47M mem_avail=278M cache=0M temp=54.2C hwdec=v4l2m2m-copy pos=3 throttled=0x0 file=133_Kasseitje_166.mp4
2026-09-10 03:26:11 rss=360M swap=0M cpu=92% cma_free=56M mem_avail=297M cache=32M temp=54.8C hwdec=v4l2m2m-copy pos=5 throttled=0x0 file=1992_optreden_vrouwen-na.mp4
2026-09-10 03:26:43 rss=360M swap=0M cpu=91% cma_free=60M mem_avail=295M cache=32M temp=54.2C hwdec=v4l2m2m-copy pos=5 throttled=0x0 file=1992_optreden_vrouwen-na.mp4
2026-09-10 03:27:14 rss=360M swap=0M cpu=89% cma_free=64M mem_avail=305M cache=32M temp=54.8C hwdec=v4l2m2m-copy pos=5 throttled=0x0 file=1992_optreden_vrouwen-na.mp4
2026-09-10 03:27:45 rss=360M swap=0M cpu=90% cma_free=64M mem_avail=303M cache=32M temp=54.2C hwdec=v4l2m2m-copy pos=5 throttled=0x0 file=1992_optreden_vrouwen-na.mp4
2026-09-10 03:28:16 rss=370M swap=0M cpu=86% cma_free=64M mem_avail=294M cache=1M temp=54.2C hwdec=v4l2m2m-copy pos=6 throttled=0x0 file=207_PICT0064.mp4
2026-09-10 03:28:48 rss=370M swap=0M cpu=87% cma_free=64M mem_avail=294M cache=0M temp=54.2C hwdec=v4l2m2m-copy pos=8 throttled=0x0 file=210_XXX_Kermis_001.mp4
2026-09-10 03:29:19 rss=370M swap=0M cpu=88% cma_free=61M mem_avail=283M cache=0M temp=54.8C hwdec=v4l2m2m-copy pos=11 throttled=0x0 file=149_Kasseitje_182.mp4
2026-09-10 03:29:50 rss=370M swap=0M cpu=88% cma_free=57M mem_avail=288M cache=0M temp=54.2C hwdec=v4l2m2m-copy pos=14 throttled=0x0 file=200_P1020599.mp4
2026-09-10 03:30:21 rss=370M swap=0M cpu=88% cma_free=57M mem_avail=283M cache=0M temp=54.2C hwdec=v4l2m2m-copy pos=17 throttled=0x0 file=183_Kasseitje_407.mp4
2026-09-10 03:30:53 rss=370M swap=0M cpu=86% cma_free=59M mem_avail=290M cache=0M temp=54.8C hwdec=v4l2m2m-copy pos=20 throttled=0x0 file=196_LUT_5348.mp4
2026-09-10 03:31:24 rss=370M swap=0M cpu=88% cma_free=59M mem_avail=287M cache=0M temp=53.7C hwdec=v4l2m2m-copy pos=23 throttled=0x0 file=045_2005_Kermis_001.mp4
2026-09-10 03:31:55 rss=370M swap=0M cpu=86% cma_free=57M mem_avail=284M cache=1M temp=54.8C hwdec=v4l2m2m-copy pos=26 throttled=0x0 file=184_Kasseitje_411.mp4
2026-09-10 03:32:26 rss=370M swap=0M cpu=88% cma_free=54M mem_avail=276M cache=1M temp=54.2C hwdec=v4l2m2m-copy pos=29 throttled=0x0 file=032_1987_Serrekunst_001.mp4
2026-09-10 03:32:58 rss=370M swap=0M cpu=88% cma_free=56M mem_avail=285M cache=0M temp=54.2C hwdec=v4l2m2m-copy pos=32 throttled=0x0 file=019_1981_Kermis_002.mp4
2026-09-10 03:33:29 rss=370M swap=0M cpu=89% cma_free=60M mem_avail=281M cache=32M temp=54.2C hwdec=v4l2m2m-copy pos=35 throttled=0x0 file=1992_truc_met_theezak-na.mp4
2026-09-10 03:34:00 rss=370M swap=0M cpu=90% cma_free=62M mem_avail=294M cache=32M temp=53.7C hwdec=v4l2m2m-copy pos=35 throttled=0x0 file=1992_truc_met_theezak-na.mp4
2026-09-10 03:34:32 rss=370M swap=0M cpu=88% cma_free=65M mem_avail=291M cache=8M temp=54.2C hwdec=v4l2m2m-copy pos=35 throttled=0x0 file=1992_truc_met_theezak-na.mp4
2026-09-10 03:35:03 rss=370M swap=0M cpu=88% cma_free=65M mem_avail=289M cache=0M temp=54.2C hwdec=v4l2m2m-copy pos=38 throttled=0x0 file=106_Kasseitje_088.mp4
2026-09-10 03:35:34 rss=370M swap=0M cpu=101% cma_free=62M mem_avail=292M cache=0M temp=54.8C hwdec=v4l2m2m-copy pos=41 throttled=0x0 file=118_Kasseitje_125.mp4
2026-09-10 03:36:05 rss=370M swap=0M cpu=90% cma_free=58M mem_avail=292M cache=32M temp=54.8C hwdec=v4l2m2m-copy pos=42 throttled=0x0 file=1993_voorjaarsactiviteit-na.mp4
2026-09-10 03:36:37 rss=370M swap=0M cpu=91% cma_free=59M mem_avail=284M cache=32M temp=54.2C hwdec=v4l2m2m-copy pos=42 throttled=0x0 file=1993_voorjaarsactiviteit-na.mp4
2026-09-10 03:37:08 rss=370M swap=0M cpu=89% cma_free=64M mem_avail=295M cache=32M temp=54.8C hwdec=v4l2m2m-copy pos=42 throttled=0x0 file=1993_voorjaarsactiviteit-na.mp4
2026-09-10 03:37:39 rss=370M swap=0M cpu=90% cma_free=65M mem_avail=293M cache=32M temp=54.2C hwdec=v4l2m2m-copy pos=42 throttled=0x0 file=1993_voorjaarsactiviteit-na.mp4
2026-09-10 03:38:11 rss=370M swap=0M cpu=91% cma_free=62M mem_avail=291M cache=32M temp=54.2C hwdec=v4l2m2m-copy pos=42 throttled=0x0 file=1993_voorjaarsactiviteit-na.mp4
2026-09-10 03:38:42 rss=370M swap=0M cpu=90% cma_free=61M mem_avail=293M cache=32M temp=54.8C hwdec=v4l2m2m-copy pos=42 throttled=0x0 file=1993_voorjaarsactiviteit-na.mp4
2026-09-10 03:39:13 rss=370M swap=0M cpu=91% cma_free=61M mem_avail=284M cache=32M temp=54.2C hwdec=v4l2m2m-copy pos=42 throttled=0x0 file=1993_voorjaarsactiviteit-na.mp4
2026-09-10 03:39:44 rss=370M swap=0M cpu=93% cma_free=61M mem_avail=294M cache=32M temp=54.8C hwdec=v4l2m2m-copy pos=42 throttled=0x0 file=1993_voorjaarsactiviteit-na.mp4
2026-09-10 03:40:15 rss=370M swap=0M cpu=91% cma_free=62M mem_avail=293M cache=32M temp=54.8C hwdec=v4l2m2m-copy pos=42 throttled=0x0 file=1993_voorjaarsactiviteit-na.mp4
2026-09-10 03:40:47 rss=370M swap=0M cpu=90% cma_free=63M mem_avail=290M cache=32M temp=54.8C hwdec=v4l2m2m-copy pos=42 throttled=0x0 file=1993_voorjaarsactiviteit-na.mp4
2026-09-10 03:41:18 rss=370M swap=0M cpu=91% cma_free=62M mem_avail=289M cache=32M temp=54.8C hwdec=v4l2m2m-copy pos=42 throttled=0x0 file=1993_voorjaarsactiviteit-na.mp4
2026-09-10 03:41:49 rss=370M swap=0M cpu=90% cma_free=62M mem_avail=287M cache=32M temp=54.2C hwdec=v4l2m2m-copy pos=42 throttled=0x0 file=1993_voorjaarsactiviteit-na.mp4
2026-09-10 03:42:20 rss=370M swap=0M cpu=91% cma_free=63M mem_avail=288M cache=32M temp=54.8C hwdec=v4l2m2m-copy pos=42 throttled=0x0 file=1993_voorjaarsactiviteit-na.mp4
2026-09-10 03:42:52 rss=370M swap=0M cpu=91% cma_free=63M mem_avail=293M cache=32M temp=54.8C hwdec=v4l2m2m-copy pos=42 throttled=0x0 file=1993_voorjaarsactiviteit-na.mp4
2026-09-10 03:43:23 rss=370M swap=0M cpu=87% cma_free=63M mem_avail=291M cache=9M temp=54.8C hwdec=v4l2m2m-copy pos=42 throttled=0x0 file=1993_voorjaarsactiviteit-na.mp4
2026-09-10 03:43:54 rss=370M swap=0M cpu=89% cma_free=45M mem_avail=264M cache=32M temp=53.7C hwdec=v4l2m2m-copy pos=45 throttled=0x0 file=1992_kermis-na.mp4
2026-09-10 03:44:25 rss=370M swap=0M cpu=92% cma_free=62M mem_avail=293M cache=32M temp=54.2C hwdec=v4l2m2m-copy pos=45 throttled=0x0 file=1992_kermis-na.mp4
2026-09-10 03:44:57 rss=370M swap=0M cpu=90% cma_free=59M mem_avail=289M cache=32M temp=54.2C hwdec=v4l2m2m-copy pos=45 throttled=0x0 file=1992_kermis-na.mp4
2026-09-10 03:45:28 rss=370M swap=0M cpu=90% cma_free=62M mem_avail=288M cache=32M temp=54.8C hwdec=v4l2m2m-copy pos=45 throttled=0x0 file=1992_kermis-na.mp4
2026-09-10 03:45:59 rss=370M swap=0M cpu=91% cma_free=65M mem_avail=292M cache=32M temp=54.8C hwdec=v4l2m2m-copy pos=45 throttled=0x0 file=1992_kermis-na.mp4
2026-09-10 03:46:30 rss=370M swap=0M cpu=90% cma_free=65M mem_avail=293M cache=32M temp=54.2C hwdec=v4l2m2m-copy pos=45 throttled=0x0 file=1992_kermis-na.mp4
2026-09-10 03:47:02 rss=370M swap=0M cpu=91% cma_free=62M mem_avail=295M cache=32M temp=54.2C hwdec=v4l2m2m-copy pos=45 throttled=0x0 file=1992_kermis-na.mp4
2026-09-10 03:47:33 rss=370M swap=0M cpu=90% cma_free=61M mem_avail=288M cache=32M temp=54.2C hwdec=v4l2m2m-copy pos=45 throttled=0x0 file=1992_kermis-na.mp4
2026-09-10 03:48:04 rss=370M swap=0M cpu=91% cma_free=64M mem_avail=289M cache=32M temp=53.7C hwdec=v4l2m2m-copy pos=45 throttled=0x0 file=1992_kermis-na.mp4
2026-09-10 03:48:35 rss=370M swap=0M cpu=91% cma_free=61M mem_avail=294M cache=32M temp=54.8C hwdec=v4l2m2m-copy pos=45 throttled=0x0 file=1992_kermis-na.mp4
2026-09-10 03:49:07 rss=370M swap=0M cpu=91% cma_free=62M mem_avail=291M cache=32M temp=54.8C hwdec=v4l2m2m-copy pos=45 throttled=0x0 file=1992_kermis-na.mp4
2026-09-10 03:49:38 rss=370M swap=0M cpu=90% cma_free=64M mem_avail=292M cache=32M temp=53.7C hwdec=v4l2m2m-copy pos=45 throttled=0x0 file=1992_kermis-na.mp4
2026-09-10 03:50:09 rss=370M swap=0M cpu=91% cma_free=63M mem_avail=291M cache=32M temp=54.8C hwdec=v4l2m2m-copy pos=45 throttled=0x0 file=1992_kermis-na.mp4
2026-09-10 03:50:40 rss=370M swap=0M cpu=90% cma_free=62M mem_avail=291M cache=32M temp=54.2C hwdec=v4l2m2m-copy pos=45 throttled=0x0 file=1992_kermis-na.mp4
2026-09-10 03:51:12 rss=370M swap=0M cpu=91% cma_free=59M mem_avail=291M cache=32M temp=54.8C hwdec=v4l2m2m-copy pos=45 throttled=0x0 file=1992_kermis-na.mp4
2026-09-10 03:51:43 rss=370M swap=0M cpu=89% cma_free=59M mem_avail=291M cache=32M temp=54.2C hwdec=v4l2m2m-copy pos=45 throttled=0x0 file=1992_kermis-na.mp4
2026-09-10 03:52:14 rss=370M swap=0M cpu=92% cma_free=64M mem_avail=287M cache=31M temp=54.2C hwdec=v4l2m2m-copy pos=45 throttled=0x0 file=1992_kermis-na.mp4
2026-09-10 03:52:45 rss=370M swap=0M cpu=89% cma_free=64M mem_avail=290M cache=32M temp=54.2C hwdec=v4l2m2m-copy pos=45 throttled=0x0 file=1992_kermis-na.mp4
2026-09-10 03:53:17 rss=370M swap=0M cpu=89% cma_free=64M mem_avail=294M cache=32M temp=54.8C hwdec=v4l2m2m-copy pos=45 throttled=0x0 file=1992_kermis-na.mp4
2026-09-10 03:53:48 rss=370M swap=0M cpu=89% cma_free=65M mem_avail=291M cache=32M temp=54.8C hwdec=v4l2m2m-copy pos=45 throttled=0x0 file=1992_kermis-na.mp4
2026-09-10 03:54:19 rss=370M swap=0M cpu=90% cma_free=64M mem_avail=291M cache=32M temp=53.7C hwdec=v4l2m2m-copy pos=45 throttled=0x0 file=1992_kermis-na.mp4
2026-09-10 03:54:50 rss=370M swap=0M cpu=91% cma_free=64M mem_avail=289M cache=32M temp=54.2C hwdec=v4l2m2m-copy pos=45 throttled=0x0 file=1992_kermis-na.mp4
2026-09-10 03:55:22 rss=370M swap=0M cpu=92% cma_free=65M mem_avail=290M cache=32M temp=54.2C hwdec=v4l2m2m-copy pos=45 throttled=0x0 file=1992_kermis-na.mp4
2026-09-10 03:55:53 rss=370M swap=0M cpu=90% cma_free=63M mem_avail=285M cache=32M temp=54.2C hwdec=v4l2m2m-copy pos=45 throttled=0x0 file=1992_kermis-na.mp4
2026-09-10 03:56:24 rss=370M swap=0M cpu=93% cma_free=62M mem_avail=289M cache=32M temp=54.8C hwdec=v4l2m2m-copy pos=45 throttled=0x0 file=1992_kermis-na.mp4
2026-09-10 03:56:55 rss=370M swap=0M cpu=89% cma_free=61M mem_avail=288M cache=32M temp=54.2C hwdec=v4l2m2m-copy pos=45 throttled=0x0 file=1992_kermis-na.mp4
2026-09-10 03:57:26 rss=370M swap=0M cpu=89% cma_free=64M mem_avail=292M cache=32M temp=54.8C hwdec=v4l2m2m-copy pos=45 throttled=0x0 file=1992_kermis-na.mp4
2026-09-10 03:57:58 rss=370M swap=0M cpu=90% cma_free=63M mem_avail=290M cache=32M temp=54.8C hwdec=v4l2m2m-copy pos=45 throttled=0x0 file=1992_kermis-na.mp4
2026-09-10 03:58:29 rss=370M swap=0M cpu=91% cma_free=61M mem_avail=289M cache=32M temp=54.2C hwdec=v4l2m2m-copy pos=45 throttled=0x0 file=1992_kermis-na.mp4
2026-09-10 03:59:00 rss=370M swap=0M cpu=91% cma_free=63M mem_avail=289M cache=32M temp=54.8C hwdec=v4l2m2m-copy pos=45 throttled=0x0 file=1992_kermis-na.mp4
2026-09-10 03:59:31 rss=370M swap=0M cpu=93% cma_free=64M mem_avail=292M cache=32M temp=53.7C hwdec=v4l2m2m-copy pos=45 throttled=0x0 file=1992_kermis-na.mp4
2026-09-10 04:00:03 rss=370M swap=0M cpu=90% cma_free=65M mem_avail=290M cache=32M temp=54.2C hwdec=v4l2m2m-copy pos=45 throttled=0x0 file=1992_kermis-na.mp4
2026-09-10 04:00:34 rss=370M swap=0M cpu=89% cma_free=64M mem_avail=291M cache=32M temp=54.8C hwdec=v4l2m2m-copy pos=45 throttled=0x0 file=1992_kermis-na.mp4
2026-09-10 04:01:05 rss=370M swap=0M cpu=91% cma_free=61M mem_avail=291M cache=32M temp=54.8C hwdec=v4l2m2m-copy pos=45 throttled=0x0 file=1992_kermis-na.mp4
2026-09-10 04:01:36 rss=370M swap=0M cpu=91% cma_free=59M mem_avail=293M cache=32M temp=54.8C hwdec=v4l2m2m-copy pos=45 throttled=0x0 file=1992_kermis-na.mp4
2026-09-10 04:02:08 rss=370M swap=0M cpu=91% cma_free=62M mem_avail=282M cache=32M temp=54.8C hwdec=v4l2m2m-copy pos=45 throttled=0x0 file=1992_kermis-na.mp4
2026-09-10 04:02:39 rss=370M swap=0M cpu=89% cma_free=58M mem_avail=288M cache=12M temp=54.8C hwdec=v4l2m2m-copy pos=45 throttled=0x0 file=1992_kermis-na.mp4
2026-09-10 04:03:10 rss=370M swap=0M cpu=92% cma_free=62M mem_avail=294M cache=32M temp=54.2C hwdec=v4l2m2m-copy pos=46 throttled=0x0 file=1992_viva_espania-na.mp4
2026-09-10 04:03:41 rss=370M swap=0M cpu=90% cma_free=65M mem_avail=288M cache=32M temp=54.8C hwdec=v4l2m2m-copy pos=46 throttled=0x0 file=1992_viva_espania-na.mp4
2026-09-10 04:04:12 rss=370M swap=0M cpu=91% cma_free=64M mem_avail=293M cache=32M temp=55.3C hwdec=v4l2m2m-copy pos=46 throttled=0x0 file=1992_viva_espania-na.mp4
2026-09-10 04:04:44 rss=370M swap=0M cpu=87% cma_free=64M mem_avail=290M cache=0M temp=53.7C hwdec=v4l2m2m-copy pos=47 throttled=0x0 file=055_CMDS_20220426_66_1.mp4
2026-09-10 04:05:15 rss=370M swap=0M cpu=89% cma_free=61M mem_avail=291M cache=32M temp=54.2C hwdec=v4l2m2m-copy pos=50 throttled=0x0 file=1992_vendeliers-na.mp4
2026-09-10 04:05:46 rss=377M swap=0M cpu=90% cma_free=64M mem_avail=282M cache=32M temp=54.2C hwdec=v4l2m2m-copy pos=50 throttled=0x0 file=1992_vendeliers-na.mp4
2026-09-10 04:06:17 rss=378M swap=0M cpu=91% cma_free=57M mem_avail=283M cache=32M temp=54.2C hwdec=v4l2m2m-copy pos=50 throttled=0x0 file=1992_vendeliers-na.mp4
2026-09-10 04:06:49 rss=378M swap=0M cpu=91% cma_free=53M mem_avail=282M cache=32M temp=53.7C hwdec=v4l2m2m-copy pos=50 throttled=0x0 file=1992_vendeliers-na.mp4
2026-09-10 04:07:20 rss=378M swap=0M cpu=90% cma_free=59M mem_avail=281M cache=32M temp=53.7C hwdec=v4l2m2m-copy pos=50 throttled=0x0 file=1992_vendeliers-na.mp4
2026-09-10 04:07:51 rss=380M swap=0M cpu=92% cma_free=57M mem_avail=280M cache=32M temp=54.2C hwdec=v4l2m2m-copy pos=50 throttled=0x0 file=1992_vendeliers-na.mp4
2026-09-10 04:08:22 rss=381M swap=0M cpu=90% cma_free=53M mem_avail=279M cache=32M temp=54.2C hwdec=v4l2m2m-copy pos=50 throttled=0x0 file=1992_vendeliers-na.mp4
2026-09-10 04:08:54 rss=381M swap=0M cpu=92% cma_free=54M mem_avail=277M cache=32M temp=54.8C hwdec=v4l2m2m-copy pos=50 throttled=0x0 file=1992_vendeliers-na.mp4
2026-09-10 04:09:25 rss=381M swap=0M cpu=89% cma_free=58M mem_avail=275M cache=10M temp=54.8C hwdec=v4l2m2m-copy pos=50 throttled=0x0 file=1992_vendeliers-na.mp4
2026-09-10 04:09:56 rss=391M swap=0M cpu=86% cma_free=56M mem_avail=261M cache=1M temp=54.8C hwdec=v4l2m2m-copy pos=53 throttled=0x0 file=158_Kasseitje_191.mp4
2026-09-10 04:10:27 rss=391M swap=0M cpu=88% cma_free=56M mem_avail=262M cache=0M temp=53.7C hwdec=v4l2m2m-copy pos=55 throttled=0x0 file=160_Kasseitje_193.mp4
2026-09-10 04:10:59 rss=391M swap=0M cpu=89% cma_free=62M mem_avail=258M cache=18M temp=53.7C hwdec=v4l2m2m-copy pos=58 throttled=0x0 file=1992_nesten-na.mp4
2026-09-10 04:11:30 rss=391M swap=0M cpu=87% cma_free=58M mem_avail=264M cache=0M temp=54.8C hwdec=v4l2m2m-copy pos=60 throttled=0x0 file=030_1983_Kermis_007.mp4
2026-09-10 04:12:01 rss=391M swap=0M cpu=85% cma_free=54M mem_avail=257M cache=0M temp=54.2C hwdec=v4l2m2m-copy pos=63 throttled=0x0 file=097_Kasseitje_070.mp4
2026-09-10 04:12:32 rss=391M swap=0M cpu=88% cma_free=57M mem_avail=265M cache=0M temp=53.7C hwdec=v4l2m2m-copy pos=66 throttled=0x0 file=022_1981_Kermis_008.mp4
2026-09-10 04:13:03 rss=391M swap=0M cpu=90% cma_free=60M mem_avail=270M cache=32M temp=54.2C hwdec=v4l2m2m-copy pos=68 throttled=0x0 file=1992_mastklimmen-na.mp4
2026-09-10 04:13:35 rss=391M swap=0M cpu=90% cma_free=63M mem_avail=272M cache=32M temp=54.2C hwdec=v4l2m2m-copy pos=68 throttled=0x0 file=1992_mastklimmen-na.mp4
2026-09-10 04:14:06 rss=391M swap=0M cpu=90% cma_free=64M mem_avail=268M cache=32M temp=54.2C hwdec=v4l2m2m-copy pos=68 throttled=0x0 file=1992_mastklimmen-na.mp4
2026-09-10 04:14:37 rss=391M swap=0M cpu=89% cma_free=63M mem_avail=271M cache=32M temp=54.8C hwdec=v4l2m2m-copy pos=68 throttled=0x0 file=1992_mastklimmen-na.mp4
2026-09-10 04:15:08 rss=391M swap=0M cpu=90% cma_free=63M mem_avail=266M cache=32M temp=54.2C hwdec=v4l2m2m-copy pos=68 throttled=0x0 file=1992_mastklimmen-na.mp4
2026-09-10 04:15:40 rss=391M swap=0M cpu=90% cma_free=64M mem_avail=268M cache=32M temp=54.2C hwdec=v4l2m2m-copy pos=68 throttled=0x0 file=1992_mastklimmen-na.mp4
2026-09-10 04:16:11 rss=391M swap=0M cpu=91% cma_free=63M mem_avail=271M cache=32M temp=54.2C hwdec=v4l2m2m-copy pos=68 throttled=0x0 file=1992_mastklimmen-na.mp4
2026-09-10 04:16:42 rss=391M swap=0M cpu=89% cma_free=63M mem_avail=266M cache=2M temp=54.8C hwdec=v4l2m2m-copy pos=68 throttled=0x0 file=1992_mastklimmen-na.mp4
2026-09-10 04:17:13 rss=391M swap=0M cpu=90% cma_free=64M mem_avail=271M cache=32M temp=54.2C hwdec=v4l2m2m-copy pos=69 throttled=0x0 file=1992_ballonmeeting-na.mp4
2026-09-10 04:17:45 rss=391M swap=0M cpu=91% cma_free=64M mem_avail=268M cache=32M temp=54.8C hwdec=v4l2m2m-copy pos=69 throttled=0x0 file=1992_ballonmeeting-na.mp4
2026-09-10 04:18:16 rss=391M swap=0M cpu=89% cma_free=63M mem_avail=268M cache=32M temp=54.2C hwdec=v4l2m2m-copy pos=69 throttled=0x0 file=1992_ballonmeeting-na.mp4
2026-09-10 04:18:47 rss=391M swap=0M cpu=89% cma_free=63M mem_avail=268M cache=32M temp=54.2C hwdec=v4l2m2m-copy pos=69 throttled=0x0 file=1992_ballonmeeting-na.mp4
2026-09-10 04:19:18 rss=391M swap=0M cpu=91% cma_free=64M mem_avail=270M cache=32M temp=54.2C hwdec=v4l2m2m-copy pos=69 throttled=0x0 file=1992_ballonmeeting-na.mp4
2026-09-10 04:19:49 rss=391M swap=0M cpu=90% cma_free=64M mem_avail=271M cache=32M temp=54.2C hwdec=v4l2m2m-copy pos=69 throttled=0x0 file=1992_ballonmeeting-na.mp4
2026-09-10 04:20:21 rss=391M swap=0M cpu=89% cma_free=64M mem_avail=272M cache=32M temp=54.8C hwdec=v4l2m2m-copy pos=69 throttled=0x0 file=1992_ballonmeeting-na.mp4
2026-09-10 04:20:52 rss=391M swap=0M cpu=92% cma_free=64M mem_avail=270M cache=31M temp=54.8C hwdec=v4l2m2m-copy pos=69 throttled=0x0 file=1992_ballonmeeting-na.mp4
2026-09-10 04:21:23 rss=391M swap=0M cpu=91% cma_free=64M mem_avail=269M cache=32M temp=54.8C hwdec=v4l2m2m-copy pos=69 throttled=0x0 file=1992_ballonmeeting-na.mp4
2026-09-10 04:21:54 rss=391M swap=0M cpu=90% cma_free=64M mem_avail=272M cache=32M temp=54.8C hwdec=v4l2m2m-copy pos=69 throttled=0x0 file=1992_ballonmeeting-na.mp4
2026-09-10 04:22:26 rss=391M swap=0M cpu=93% cma_free=63M mem_avail=270M cache=32M temp=54.8C hwdec=v4l2m2m-copy pos=69 throttled=0x0 file=1992_ballonmeeting-na.mp4
2026-09-10 04:22:57 rss=391M swap=0M cpu=92% cma_free=63M mem_avail=270M cache=32M temp=54.8C hwdec=v4l2m2m-copy pos=69 throttled=0x0 file=1992_ballonmeeting-na.mp4
2026-09-10 04:23:28 rss=391M swap=0M cpu=92% cma_free=64M mem_avail=269M cache=32M temp=54.2C hwdec=v4l2m2m-copy pos=69 throttled=0x0 file=1992_ballonmeeting-na.mp4
2026-09-10 04:23:59 rss=391M swap=0M cpu=90% cma_free=64M mem_avail=272M cache=32M temp=54.8C hwdec=v4l2m2m-copy pos=69 throttled=0x0 file=1992_ballonmeeting-na.mp4
2026-09-10 04:24:31 rss=391M swap=0M cpu=91% cma_free=63M mem_avail=267M cache=32M temp=54.2C hwdec=v4l2m2m-copy pos=69 throttled=0x0 file=1992_ballonmeeting-na.mp4
2026-09-10 04:25:02 rss=391M swap=0M cpu=90% cma_free=64M mem_avail=272M cache=32M temp=54.2C hwdec=v4l2m2m-copy pos=69 throttled=0x0 file=1992_ballonmeeting-na.mp4
2026-09-10 04:25:33 rss=391M swap=0M cpu=91% cma_free=64M mem_avail=267M cache=32M temp=54.8C hwdec=v4l2m2m-copy pos=69 throttled=0x0 file=1992_ballonmeeting-na.mp4
2026-09-10 04:26:04 rss=391M swap=0M cpu=92% cma_free=63M mem_avail=271M cache=32M temp=54.8C hwdec=v4l2m2m-copy pos=69 throttled=0x0 file=1992_ballonmeeting-na.mp4
2026-09-10 04:26:36 rss=391M swap=0M cpu=91% cma_free=64M mem_avail=271M cache=31M temp=54.2C hwdec=v4l2m2m-copy pos=69 throttled=0x0 file=1992_ballonmeeting-na.mp4
2026-09-10 04:27:07 rss=391M swap=0M cpu=89% cma_free=64M mem_avail=266M cache=23M temp=54.2C hwdec=v4l2m2m-copy pos=69 throttled=0x0 file=1992_ballonmeeting-na.mp4
2026-09-10 04:27:38 rss=391M swap=0M cpu=87% cma_free=62M mem_avail=264M cache=0M temp=54.2C hwdec=v4l2m2m-copy pos=70 throttled=0x0 file=125_Kasseitje_146.mp4
2026-09-10 04:28:09 rss=391M swap=0M cpu=89% cma_free=63M mem_avail=270M cache=0M temp=53.7C hwdec=v4l2m2m-copy pos=73 throttled=0x0 file=214_XXX_Kermis_009.mp4
2026-09-10 04:28:41 rss=391M swap=0M cpu=87% cma_free=64M mem_avail=268M cache=0M temp=53.7C hwdec=v4l2m2m-copy pos=76 throttled=0x0 file=186_Kasseitje_422.mp4
2026-09-10 04:29:12 rss=391M swap=0M cpu=88% cma_free=61M mem_avail=264M cache=0M temp=53.7C hwdec=v4l2m2m-copy pos=79 throttled=0x0 file=165_Kasseitje_198.mp4
2026-09-10 04:29:43 rss=391M swap=0M cpu=90% cma_free=56M mem_avail=267M cache=32M temp=54.8C hwdec=v4l2m2m-copy pos=80 throttled=0x0 file=1966_kermis-na.mp4
2026-09-10 04:30:14 rss=391M swap=0M cpu=89% cma_free=59M mem_avail=268M cache=32M temp=54.8C hwdec=v4l2m2m-copy pos=80 throttled=0x0 file=1966_kermis-na.mp4
2026-09-10 04:30:45 rss=391M swap=0M cpu=90% cma_free=63M mem_avail=267M cache=31M temp=54.2C hwdec=v4l2m2m-copy pos=80 throttled=0x0 file=1966_kermis-na.mp4
2026-09-10 04:31:17 rss=391M swap=0M cpu=90% cma_free=64M mem_avail=267M cache=32M temp=54.2C hwdec=v4l2m2m-copy pos=80 throttled=0x0 file=1966_kermis-na.mp4
2026-09-10 04:31:48 rss=391M swap=0M cpu=89% cma_free=64M mem_avail=268M cache=32M temp=54.8C hwdec=v4l2m2m-copy pos=80 throttled=0x0 file=1966_kermis-na.mp4
2026-09-10 04:32:19 rss=391M swap=0M cpu=90% cma_free=64M mem_avail=270M cache=32M temp=54.2C hwdec=v4l2m2m-copy pos=80 throttled=0x0 file=1966_kermis-na.mp4
2026-09-10 04:32:50 rss=391M swap=0M cpu=89% cma_free=64M mem_avail=268M cache=32M temp=54.8C hwdec=v4l2m2m-copy pos=80 throttled=0x0 file=1966_kermis-na.mp4
2026-09-10 04:33:22 rss=391M swap=0M cpu=91% cma_free=64M mem_avail=263M cache=32M temp=54.2C hwdec=v4l2m2m-copy pos=80 throttled=0x0 file=1966_kermis-na.mp4
2026-09-10 04:33:53 rss=391M swap=0M cpu=90% cma_free=64M mem_avail=263M cache=32M temp=54.8C hwdec=v4l2m2m-copy pos=80 throttled=0x0 file=1966_kermis-na.mp4
2026-09-10 04:34:24 rss=391M swap=0M cpu=90% cma_free=64M mem_avail=270M cache=32M temp=55.3C hwdec=v4l2m2m-copy pos=80 throttled=0x0 file=1966_kermis-na.mp4
2026-09-10 04:34:55 rss=391M swap=0M cpu=93% cma_free=63M mem_avail=268M cache=31M temp=54.2C hwdec=v4l2m2m-copy pos=80 throttled=0x0 file=1966_kermis-na.mp4
2026-09-10 04:35:27 rss=391M swap=0M cpu=90% cma_free=63M mem_avail=266M cache=32M temp=54.2C hwdec=v4l2m2m-copy pos=80 throttled=0x0 file=1966_kermis-na.mp4
2026-09-10 04:35:58 rss=391M swap=0M cpu=91% cma_free=64M mem_avail=270M cache=32M temp=54.8C hwdec=v4l2m2m-copy pos=80 throttled=0x0 file=1966_kermis-na.mp4
2026-09-10 04:36:29 rss=391M swap=0M cpu=89% cma_free=64M mem_avail=271M cache=32M temp=53.7C hwdec=v4l2m2m-copy pos=80 throttled=0x0 file=1966_kermis-na.mp4
2026-09-10 04:37:00 rss=391M swap=0M cpu=91% cma_free=64M mem_avail=271M cache=31M temp=54.2C hwdec=v4l2m2m-copy pos=80 throttled=0x0 file=1966_kermis-na.mp4
2026-09-10 04:37:32 rss=391M swap=0M cpu=91% cma_free=63M mem_avail=269M cache=32M temp=54.2C hwdec=v4l2m2m-copy pos=80 throttled=0x0 file=1966_kermis-na.mp4
2026-09-10 04:38:03 rss=391M swap=0M cpu=89% cma_free=63M mem_avail=268M cache=32M temp=53.7C hwdec=v4l2m2m-copy pos=80 throttled=0x0 file=1966_kermis-na.mp4
2026-09-10 04:38:34 rss=391M swap=0M cpu=89% cma_free=64M mem_avail=267M cache=32M temp=54.2C hwdec=v4l2m2m-copy pos=80 throttled=0x0 file=1966_kermis-na.mp4
2026-09-10 04:39:05 rss=391M swap=0M cpu=90% cma_free=63M mem_avail=270M cache=32M temp=54.8C hwdec=v4l2m2m-copy pos=80 throttled=0x0 file=1966_kermis-na.mp4
2026-09-10 04:39:36 rss=391M swap=0M cpu=89% cma_free=63M mem_avail=269M cache=32M temp=54.2C hwdec=v4l2m2m-copy pos=80 throttled=0x0 file=1966_kermis-na.mp4
2026-09-10 04:40:08 rss=391M swap=0M cpu=93% cma_free=64M mem_avail=270M cache=32M temp=54.8C hwdec=v4l2m2m-copy pos=80 throttled=0x0 file=1966_kermis-na.mp4
2026-09-10 04:40:39 rss=391M swap=0M cpu=91% cma_free=64M mem_avail=268M cache=32M temp=54.2C hwdec=v4l2m2m-copy pos=80 throttled=0x0 file=1966_kermis-na.mp4
2026-09-10 04:41:10 rss=391M swap=0M cpu=89% cma_free=64M mem_avail=270M cache=32M temp=53.7C hwdec=v4l2m2m-copy pos=80 throttled=0x0 file=1966_kermis-na.mp4
2026-09-10 04:41:41 rss=391M swap=0M cpu=90% cma_free=63M mem_avail=266M cache=32M temp=54.8C hwdec=v4l2m2m-copy pos=80 throttled=0x0 file=1966_kermis-na.mp4
2026-09-10 04:42:13 rss=391M swap=0M cpu=90% cma_free=64M mem_avail=264M cache=32M temp=54.8C hwdec=v4l2m2m-copy pos=80 throttled=0x0 file=1966_kermis-na.mp4
2026-09-10 04:42:44 rss=391M swap=0M cpu=90% cma_free=64M mem_avail=263M cache=32M temp=54.2C hwdec=v4l2m2m-copy pos=80 throttled=0x0 file=1966_kermis-na.mp4
2026-09-10 04:43:15 rss=391M swap=0M cpu=92% cma_free=64M mem_avail=268M cache=32M temp=54.8C hwdec=v4l2m2m-copy pos=80 throttled=0x0 file=1966_kermis-na.mp4
2026-09-10 04:43:46 rss=391M swap=0M cpu=89% cma_free=64M mem_avail=271M cache=32M temp=54.2C hwdec=v4l2m2m-copy pos=80 throttled=0x0 file=1966_kermis-na.mp4
2026-09-10 04:44:18 rss=391M swap=0M cpu=91% cma_free=64M mem_avail=267M cache=32M temp=54.2C hwdec=v4l2m2m-copy pos=80 throttled=0x0 file=1966_kermis-na.mp4
2026-09-10 04:44:49 rss=391M swap=0M cpu=90% cma_free=64M mem_avail=268M cache=32M temp=53.7C hwdec=v4l2m2m-copy pos=80 throttled=0x0 file=1966_kermis-na.mp4
2026-09-10 04:45:20 rss=391M swap=0M cpu=91% cma_free=63M mem_avail=259M cache=32M temp=53.7C hwdec=v4l2m2m-copy pos=80 throttled=0x0 file=1966_kermis-na.mp4
2026-09-10 04:45:51 rss=391M swap=0M cpu=90% cma_free=64M mem_avail=263M cache=32M temp=53.7C hwdec=v4l2m2m-copy pos=80 throttled=0x0 file=1966_kermis-na.mp4
2026-09-10 04:46:22 rss=391M swap=0M cpu=92% cma_free=64M mem_avail=265M cache=32M temp=54.2C hwdec=v4l2m2m-copy pos=80 throttled=0x0 file=1966_kermis-na.mp4
2026-09-10 04:46:54 rss=391M swap=0M cpu=92% cma_free=64M mem_avail=264M cache=32M temp=54.2C hwdec=v4l2m2m-copy pos=80 throttled=0x0 file=1966_kermis-na.mp4
2026-09-10 04:47:25 rss=391M swap=0M cpu=91% cma_free=63M mem_avail=262M cache=32M temp=53.7C hwdec=v4l2m2m-copy pos=80 throttled=0x0 file=1966_kermis-na.mp4
2026-09-10 04:47:56 rss=391M swap=0M cpu=92% cma_free=63M mem_avail=265M cache=32M temp=54.2C hwdec=v4l2m2m-copy pos=80 throttled=0x0 file=1966_kermis-na.mp4
2026-09-10 04:48:27 rss=391M swap=0M cpu=92% cma_free=64M mem_avail=266M cache=32M temp=54.2C hwdec=v4l2m2m-copy pos=80 throttled=0x0 file=1966_kermis-na.mp4
2026-09-10 04:48:59 rss=391M swap=0M cpu=92% cma_free=63M mem_avail=262M cache=32M temp=54.2C hwdec=v4l2m2m-copy pos=80 throttled=0x0 file=1966_kermis-na.mp4
2026-09-10 04:49:30 rss=391M swap=0M cpu=89% cma_free=63M mem_avail=263M cache=32M temp=54.2C hwdec=v4l2m2m-copy pos=80 throttled=0x0 file=1966_kermis-na.mp4
2026-09-10 04:50:01 rss=391M swap=0M cpu=89% cma_free=64M mem_avail=260M cache=32M temp=53.7C hwdec=v4l2m2m-copy pos=80 throttled=0x0 file=1966_kermis-na.mp4
2026-09-10 04:50:32 rss=391M swap=0M cpu=89% cma_free=64M mem_avail=261M cache=32M temp=54.8C hwdec=v4l2m2m-copy pos=80 throttled=0x0 file=1966_kermis-na.mp4
2026-09-10 04:51:04 rss=391M swap=0M cpu=90% cma_free=64M mem_avail=265M cache=31M temp=54.2C hwdec=v4l2m2m-copy pos=80 throttled=0x0 file=1966_kermis-na.mp4
2026-09-10 04:51:35 rss=391M swap=0M cpu=91% cma_free=64M mem_avail=263M cache=32M temp=54.2C hwdec=v4l2m2m-copy pos=80 throttled=0x0 file=1966_kermis-na.mp4
2026-09-10 04:52:06 rss=391M swap=0M cpu=91% cma_free=63M mem_avail=265M cache=32M temp=54.2C hwdec=v4l2m2m-copy pos=80 throttled=0x0 file=1966_kermis-na.mp4
2026-09-10 04:52:37 rss=391M swap=0M cpu=90% cma_free=63M mem_avail=262M cache=32M temp=54.2C hwdec=v4l2m2m-copy pos=80 throttled=0x0 file=1966_kermis-na.mp4
2026-09-10 04:53:08 rss=391M swap=0M cpu=89% cma_free=64M mem_avail=263M cache=32M temp=53.7C hwdec=v4l2m2m-copy pos=80 throttled=0x0 file=1966_kermis-na.mp4
2026-09-10 04:53:40 rss=391M swap=0M cpu=89% cma_free=64M mem_avail=263M cache=32M temp=53.7C hwdec=v4l2m2m-copy pos=80 throttled=0x0 file=1966_kermis-na.mp4
2026-09-10 04:54:11 rss=391M swap=0M cpu=90% cma_free=63M mem_avail=264M cache=32M temp=54.2C hwdec=v4l2m2m-copy pos=80 throttled=0x0 file=1966_kermis-na.mp4
2026-09-10 04:54:42 rss=391M swap=0M cpu=91% cma_free=63M mem_avail=262M cache=32M temp=53.7C hwdec=v4l2m2m-copy pos=80 throttled=0x0 file=1966_kermis-na.mp4
2026-09-10 04:55:13 rss=391M swap=0M cpu=90% cma_free=64M mem_avail=264M cache=32M temp=54.2C hwdec=v4l2m2m-copy pos=80 throttled=0x0 file=1966_kermis-na.mp4
2026-09-10 04:55:45 rss=391M swap=0M cpu=90% cma_free=64M mem_avail=264M cache=32M temp=54.8C hwdec=v4l2m2m-copy pos=80 throttled=0x0 file=1966_kermis-na.mp4
2026-09-10 04:56:16 rss=391M swap=0M cpu=90% cma_free=64M mem_avail=266M cache=32M temp=54.2C hwdec=v4l2m2m-copy pos=80 throttled=0x0 file=1966_kermis-na.mp4
2026-09-10 04:56:47 rss=391M swap=0M cpu=89% cma_free=63M mem_avail=252M cache=32M temp=54.8C hwdec=v4l2m2m-copy pos=80 throttled=0x0 file=1966_kermis-na.mp4
2026-09-10 04:57:18 rss=391M swap=0M cpu=91% cma_free=63M mem_avail=263M cache=32M temp=54.8C hwdec=v4l2m2m-copy pos=80 throttled=0x0 file=1966_kermis-na.mp4
2026-09-10 04:57:50 rss=391M swap=0M cpu=90% cma_free=64M mem_avail=260M cache=32M temp=54.8C hwdec=v4l2m2m-copy pos=80 throttled=0x0 file=1966_kermis-na.mp4
2026-09-10 04:58:21 rss=391M swap=0M cpu=90% cma_free=63M mem_avail=261M cache=32M temp=54.2C hwdec=v4l2m2m-copy pos=80 throttled=0x0 file=1966_kermis-na.mp4
2026-09-10 04:58:52 rss=391M swap=0M cpu=90% cma_free=63M mem_avail=265M cache=32M temp=54.8C hwdec=v4l2m2m-copy pos=80 throttled=0x0 file=1966_kermis-na.mp4
2026-09-10 04:59:23 rss=391M swap=0M cpu=90% cma_free=63M mem_avail=267M cache=32M temp=54.2C hwdec=v4l2m2m-copy pos=80 throttled=0x0 file=1966_kermis-na.mp4
2026-09-10 04:59:55 rss=391M swap=0M cpu=92% cma_free=63M mem_avail=265M cache=32M temp=53.7C hwdec=v4l2m2m-copy pos=80 throttled=0x0 file=1966_kermis-na.mp4
2026-09-10 05:00:26 rss=391M swap=0M cpu=90% cma_free=64M mem_avail=249M cache=32M temp=54.8C hwdec=v4l2m2m-copy pos=80 throttled=0x0 file=1966_kermis-na.mp4
2026-09-10 05:00:57 rss=391M swap=0M cpu=94% cma_free=64M mem_avail=265M cache=32M temp=54.8C hwdec=v4l2m2m-copy pos=80 throttled=0x0 file=1966_kermis-na.mp4
2026-09-10 05:01:28 rss=391M swap=0M cpu=90% cma_free=63M mem_avail=261M cache=32M temp=54.8C hwdec=v4l2m2m-copy pos=80 throttled=0x0 file=1966_kermis-na.mp4
2026-09-10 05:01:59 rss=391M swap=0M cpu=90% cma_free=63M mem_avail=263M cache=32M temp=54.2C hwdec=v4l2m2m-copy pos=80 throttled=0x0 file=1966_kermis-na.mp4
2026-09-10 05:02:31 rss=391M swap=0M cpu=90% cma_free=64M mem_avail=264M cache=32M temp=54.8C hwdec=v4l2m2m-copy pos=80 throttled=0x0 file=1966_kermis-na.mp4
2026-09-10 05:03:02 rss=391M swap=0M cpu=91% cma_free=64M mem_avail=262M cache=32M temp=54.2C hwdec=v4l2m2m-copy pos=80 throttled=0x0 file=1966_kermis-na.mp4
2026-09-10 05:03:33 rss=391M swap=0M cpu=91% cma_free=63M mem_avail=261M cache=32M temp=54.8C hwdec=v4l2m2m-copy pos=80 throttled=0x0 file=1966_kermis-na.mp4
2026-09-10 05:04:04 rss=391M swap=0M cpu=89% cma_free=64M mem_avail=258M cache=32M temp=54.8C hwdec=v4l2m2m-copy pos=80 throttled=0x0 file=1966_kermis-na.mp4
2026-09-10 05:04:36 rss=391M swap=0M cpu=90% cma_free=64M mem_avail=254M cache=32M temp=54.2C hwdec=v4l2m2m-copy pos=80 throttled=0x0 file=1966_kermis-na.mp4
2026-09-10 05:05:07 rss=391M swap=0M cpu=92% cma_free=64M mem_avail=262M cache=32M temp=54.8C hwdec=v4l2m2m-copy pos=80 throttled=0x0 file=1966_kermis-na.mp4
2026-09-10 05:05:38 rss=391M swap=0M cpu=89% cma_free=64M mem_avail=263M cache=32M temp=53.7C hwdec=v4l2m2m-copy pos=80 throttled=0x0 file=1966_kermis-na.mp4
2026-09-10 05:06:09 rss=391M swap=0M cpu=89% cma_free=64M mem_avail=264M cache=32M temp=54.2C hwdec=v4l2m2m-copy pos=80 throttled=0x0 file=1966_kermis-na.mp4
2026-09-10 05:06:41 rss=391M swap=0M cpu=92% cma_free=64M mem_avail=266M cache=32M temp=54.8C hwdec=v4l2m2m-copy pos=80 throttled=0x0 file=1966_kermis-na.mp4
2026-09-10 05:07:12 rss=391M swap=0M cpu=90% cma_free=62M mem_avail=260M cache=32M temp=54.8C hwdec=v4l2m2m-copy pos=80 throttled=0x0 file=1966_kermis-na.mp4
2026-09-10 05:07:43 rss=391M swap=0M cpu=90% cma_free=63M mem_avail=260M cache=32M temp=54.2C hwdec=v4l2m2m-copy pos=80 throttled=0x0 file=1966_kermis-na.mp4
2026-09-10 05:08:14 rss=391M swap=0M cpu=89% cma_free=64M mem_avail=262M cache=32M temp=54.2C hwdec=v4l2m2m-copy pos=80 throttled=0x0 file=1966_kermis-na.mp4
2026-09-10 05:08:45 rss=391M swap=0M cpu=89% cma_free=64M mem_avail=264M cache=32M temp=54.2C hwdec=v4l2m2m-copy pos=80 throttled=0x0 file=1966_kermis-na.mp4
2026-09-10 05:09:17 rss=391M swap=0M cpu=93% cma_free=64M mem_avail=264M cache=32M temp=54.8C hwdec=v4l2m2m-copy pos=80 throttled=0x0 file=1966_kermis-na.mp4
2026-09-10 05:09:48 rss=391M swap=0M cpu=89% cma_free=64M mem_avail=261M cache=32M temp=54.8C hwdec=v4l2m2m-copy pos=80 throttled=0x0 file=1966_kermis-na.mp4
2026-09-10 05:10:19 rss=391M swap=0M cpu=90% cma_free=64M mem_avail=264M cache=32M temp=54.2C hwdec=v4l2m2m-copy pos=80 throttled=0x0 file=1966_kermis-na.mp4
2026-09-10 05:10:50 rss=391M swap=0M cpu=90% cma_free=64M mem_avail=261M cache=32M temp=54.2C hwdec=v4l2m2m-copy pos=80 throttled=0x0 file=1966_kermis-na.mp4
2026-09-10 05:11:22 rss=391M swap=0M cpu=89% cma_free=63M mem_avail=265M cache=32M temp=54.2C hwdec=v4l2m2m-copy pos=80 throttled=0x0 file=1966_kermis-na.mp4
2026-09-10 05:11:53 rss=391M swap=0M cpu=90% cma_free=63M mem_avail=260M cache=32M temp=54.2C hwdec=v4l2m2m-copy pos=80 throttled=0x0 file=1966_kermis-na.mp4
2026-09-10 05:12:24 rss=391M swap=0M cpu=90% cma_free=64M mem_avail=265M cache=32M temp=54.8C hwdec=v4l2m2m-copy pos=80 throttled=0x0 file=1966_kermis-na.mp4
2026-09-10 05:12:55 rss=391M swap=0M cpu=89% cma_free=64M mem_avail=263M cache=32M temp=54.2C hwdec=v4l2m2m-copy pos=80 throttled=0x0 file=1966_kermis-na.mp4
2026-09-10 05:13:27 rss=391M swap=0M cpu=90% cma_free=64M mem_avail=259M cache=32M temp=54.2C hwdec=v4l2m2m-copy pos=80 throttled=0x0 file=1966_kermis-na.mp4
2026-09-10 05:13:58 rss=391M swap=0M cpu=90% cma_free=64M mem_avail=266M cache=32M temp=54.8C hwdec=v4l2m2m-copy pos=80 throttled=0x0 file=1966_kermis-na.mp4
2026-09-10 05:14:29 rss=391M swap=0M cpu=90% cma_free=63M mem_avail=263M cache=32M temp=55.3C hwdec=v4l2m2m-copy pos=80 throttled=0x0 file=1966_kermis-na.mp4
2026-09-10 05:15:00 rss=391M swap=0M cpu=90% cma_free=64M mem_avail=256M cache=32M temp=54.2C hwdec=v4l2m2m-copy pos=80 throttled=0x0 file=1966_kermis-na.mp4
2026-09-10 05:15:32 rss=391M swap=0M cpu=89% cma_free=64M mem_avail=265M cache=32M temp=54.8C hwdec=v4l2m2m-copy pos=80 throttled=0x0 file=1966_kermis-na.mp4
2026-09-10 05:16:03 rss=391M swap=0M cpu=88% cma_free=64M mem_avail=263M cache=32M temp=53.7C hwdec=v4l2m2m-copy pos=80 throttled=0x0 file=1966_kermis-na.mp4
2026-09-10 05:16:34 rss=391M swap=0M cpu=90% cma_free=64M mem_avail=263M cache=32M temp=53.7C hwdec=v4l2m2m-copy pos=80 throttled=0x0 file=1966_kermis-na.mp4
2026-09-10 05:17:05 rss=391M swap=0M cpu=89% cma_free=64M mem_avail=266M cache=32M temp=54.2C hwdec=v4l2m2m-copy pos=80 throttled=0x0 file=1966_kermis-na.mp4
2026-09-10 05:17:36 rss=391M swap=0M cpu=90% cma_free=64M mem_avail=265M cache=32M temp=55.3C hwdec=v4l2m2m-copy pos=80 throttled=0x0 file=1966_kermis-na.mp4
2026-09-10 05:18:08 rss=391M swap=0M cpu=90% cma_free=64M mem_avail=265M cache=32M temp=54.2C hwdec=v4l2m2m-copy pos=80 throttled=0x0 file=1966_kermis-na.mp4
2026-09-10 05:18:39 rss=391M swap=0M cpu=91% cma_free=64M mem_avail=259M cache=32M temp=54.8C hwdec=v4l2m2m-copy pos=80 throttled=0x0 file=1966_kermis-na.mp4
2026-09-10 05:19:10 rss=391M swap=0M cpu=89% cma_free=64M mem_avail=263M cache=32M temp=54.8C hwdec=v4l2m2m-copy pos=80 throttled=0x0 file=1966_kermis-na.mp4
2026-09-10 05:19:41 rss=391M swap=0M cpu=89% cma_free=64M mem_avail=264M cache=25M temp=54.2C hwdec=v4l2m2m-copy pos=80 throttled=0x0 file=1966_kermis-na.mp4
2026-09-10 05:20:13 rss=391M swap=0M cpu=86% cma_free=64M mem_avail=260M cache=1M temp=54.2C hwdec=v4l2m2m-copy pos=81 throttled=0x0 file=089_Kasseitje_041.mp4
2026-09-10 05:20:44 rss=391M swap=0M cpu=88% cma_free=47M mem_avail=248M cache=1M temp=54.8C hwdec=v4l2m2m-copy pos=84 throttled=0x0 file=064_img090.mp4
2026-09-10 05:21:15 rss=391M swap=0M cpu=89% cma_free=46M mem_avail=252M cache=1M temp=53.7C hwdec=v4l2m2m-copy pos=87 throttled=0x0 file=134_Kasseitje_167.mp4
2026-09-10 05:21:47 rss=391M swap=0M cpu=87% cma_free=55M mem_avail=256M cache=0M temp=54.2C hwdec=v4l2m2m-copy pos=89 throttled=0x0 file=059_img066.mp4
2026-09-10 05:22:18 rss=391M swap=0M cpu=87% cma_free=59M mem_avail=254M cache=0M temp=54.2C hwdec=v4l2m2m-copy pos=92 throttled=0x0 file=122_Kasseitje_139.mp4
2026-09-10 05:22:49 rss=391M swap=0M cpu=88% cma_free=61M mem_avail=264M cache=32M temp=54.8C hwdec=v4l2m2m-copy pos=93 throttled=0x0 file=1993_optreden-na.mp4
2026-09-10 05:23:20 rss=391M swap=0M cpu=90% cma_free=63M mem_avail=261M cache=31M temp=54.8C hwdec=v4l2m2m-copy pos=93 throttled=0x0 file=1993_optreden-na.mp4
2026-09-10 05:23:52 rss=391M swap=0M cpu=89% cma_free=63M mem_avail=261M cache=32M temp=54.2C hwdec=v4l2m2m-copy pos=93 throttled=0x0 file=1993_optreden-na.mp4
2026-09-10 05:24:23 rss=391M swap=0M cpu=90% cma_free=64M mem_avail=259M cache=32M temp=54.8C hwdec=v4l2m2m-copy pos=93 throttled=0x0 file=1993_optreden-na.mp4
2026-09-10 05:24:54 rss=391M swap=0M cpu=90% cma_free=63M mem_avail=265M cache=32M temp=54.8C hwdec=v4l2m2m-copy pos=93 throttled=0x0 file=1993_optreden-na.mp4
2026-09-10 05:25:25 rss=391M swap=0M cpu=89% cma_free=63M mem_avail=265M cache=32M temp=53.7C hwdec=v4l2m2m-copy pos=93 throttled=0x0 file=1993_optreden-na.mp4
2026-09-10 05:25:57 rss=391M swap=0M cpu=90% cma_free=63M mem_avail=266M cache=32M temp=54.8C hwdec=v4l2m2m-copy pos=93 throttled=0x0 file=1993_optreden-na.mp4
2026-09-10 05:26:28 rss=391M swap=0M cpu=90% cma_free=64M mem_avail=265M cache=32M temp=54.2C hwdec=v4l2m2m-copy pos=93 throttled=0x0 file=1993_optreden-na.mp4
2026-09-10 05:26:59 rss=391M swap=0M cpu=92% cma_free=63M mem_avail=263M cache=32M temp=54.8C hwdec=v4l2m2m-copy pos=93 throttled=0x0 file=1993_optreden-na.mp4
2026-09-10 05:27:30 rss=391M swap=0M cpu=90% cma_free=63M mem_avail=262M cache=32M temp=54.8C hwdec=v4l2m2m-copy pos=93 throttled=0x0 file=1993_optreden-na.mp4
2026-09-10 05:28:01 rss=391M swap=0M cpu=92% cma_free=63M mem_avail=261M cache=32M temp=54.2C hwdec=v4l2m2m-copy pos=93 throttled=0x0 file=1993_optreden-na.mp4
2026-09-10 05:28:33 rss=391M swap=0M cpu=90% cma_free=63M mem_avail=260M cache=32M temp=54.8C hwdec=v4l2m2m-copy pos=93 throttled=0x0 file=1993_optreden-na.mp4
2026-09-10 05:29:04 rss=391M swap=0M cpu=90% cma_free=64M mem_avail=265M cache=32M temp=54.2C hwdec=v4l2m2m-copy pos=93 throttled=0x0 file=1993_optreden-na.mp4
2026-09-10 05:29:35 rss=391M swap=0M cpu=93% cma_free=63M mem_avail=264M cache=32M temp=54.8C hwdec=v4l2m2m-copy pos=93 throttled=0x0 file=1993_optreden-na.mp4
2026-09-10 05:30:06 rss=391M swap=0M cpu=89% cma_free=63M mem_avail=258M cache=30M temp=54.8C hwdec=v4l2m2m-copy pos=93 throttled=0x0 file=1993_optreden-na.mp4
2026-09-10 05:30:38 rss=391M swap=0M cpu=87% cma_free=59M mem_avail=259M cache=0M temp=54.2C hwdec=v4l2m2m-copy pos=94 throttled=0x0 file=105_Kasseitje_087.mp4
2026-09-10 05:31:09 rss=391M swap=0M cpu=87% cma_free=58M mem_avail=249M cache=1M temp=53.7C hwdec=v4l2m2m-copy pos=97 throttled=0x0 file=189_Kasseitje_442.mp4
2026-09-10 05:31:40 rss=391M swap=0M cpu=86% cma_free=58M mem_avail=255M cache=0M temp=54.8C hwdec=v4l2m2m-copy pos=100 throttled=0x0 file=004_1963_Regelmatigheidskoers_001.mp4
2026-09-10 05:32:11 rss=391M swap=0M cpu=88% cma_free=63M mem_avail=256M cache=0M temp=53.7C hwdec=v4l2m2m-copy pos=102 throttled=0x0 file=035_1996_Hutsepot_001.mp4
2026-09-10 05:32:42 rss=391M swap=0M cpu=87% cma_free=61M mem_avail=259M cache=0M temp=54.2C hwdec=v4l2m2m-copy pos=105 throttled=0x0 file=021_1981_Kermis_004.mp4
2026-09-10 05:33:14 rss=391M swap=0M cpu=91% cma_free=61M mem_avail=261M cache=32M temp=54.2C hwdec=v4l2m2m-copy pos=107 throttled=0x0 file=1992_bolling-na.mp4
2026-09-10 05:33:45 rss=391M swap=0M cpu=91% cma_free=64M mem_avail=265M cache=32M temp=54.8C hwdec=v4l2m2m-copy pos=107 throttled=0x0 file=1992_bolling-na.mp4
2026-09-10 05:34:16 rss=391M swap=0M cpu=90% cma_free=64M mem_avail=262M cache=32M temp=54.2C hwdec=v4l2m2m-copy pos=107 throttled=0x0 file=1992_bolling-na.mp4
2026-09-10 05:34:47 rss=391M swap=0M cpu=91% cma_free=60M mem_avail=257M cache=32M temp=54.2C hwdec=v4l2m2m-copy pos=107 throttled=0x0 file=1992_bolling-na.mp4
2026-09-10 05:35:19 rss=391M swap=0M cpu=92% cma_free=60M mem_avail=263M cache=32M temp=54.8C hwdec=v4l2m2m-copy pos=107 throttled=0x0 file=1992_bolling-na.mp4
2026-09-10 05:35:50 rss=391M swap=0M cpu=89% cma_free=63M mem_avail=257M cache=32M temp=54.8C hwdec=v4l2m2m-copy pos=107 throttled=0x0 file=1992_bolling-na.mp4
2026-09-10 05:36:21 rss=391M swap=0M cpu=91% cma_free=62M mem_avail=262M cache=32M temp=54.8C hwdec=v4l2m2m-copy pos=107 throttled=0x0 file=1992_bolling-na.mp4
2026-09-10 05:36:52 rss=391M swap=0M cpu=90% cma_free=60M mem_avail=259M cache=32M temp=54.8C hwdec=v4l2m2m-copy pos=107 throttled=0x0 file=1992_bolling-na.mp4
2026-09-10 05:37:24 rss=391M swap=0M cpu=90% cma_free=62M mem_avail=263M cache=32M temp=54.2C hwdec=v4l2m2m-copy pos=107 throttled=0x0 file=1992_bolling-na.mp4
2026-09-10 05:37:55 rss=391M swap=0M cpu=90% cma_free=64M mem_avail=262M cache=32M temp=53.7C hwdec=v4l2m2m-copy pos=107 throttled=0x0 file=1992_bolling-na.mp4
2026-09-10 05:38:26 rss=391M swap=0M cpu=89% cma_free=62M mem_avail=262M cache=32M temp=54.2C hwdec=v4l2m2m-copy pos=107 throttled=0x0 file=1992_bolling-na.mp4
2026-09-10 05:38:57 rss=391M swap=0M cpu=91% cma_free=61M mem_avail=262M cache=32M temp=54.2C hwdec=v4l2m2m-copy pos=107 throttled=0x0 file=1992_bolling-na.mp4
2026-09-10 05:39:29 rss=391M swap=0M cpu=90% cma_free=62M mem_avail=260M cache=32M temp=54.8C hwdec=v4l2m2m-copy pos=107 throttled=0x0 file=1992_bolling-na.mp4
2026-09-10 05:40:00 rss=391M swap=0M cpu=91% cma_free=62M mem_avail=265M cache=32M temp=54.8C hwdec=v4l2m2m-copy pos=107 throttled=0x0 file=1992_bolling-na.mp4
2026-09-10 05:40:31 rss=391M swap=0M cpu=90% cma_free=61M mem_avail=265M cache=32M temp=54.2C hwdec=v4l2m2m-copy pos=107 throttled=0x0 file=1992_bolling-na.mp4
2026-09-10 05:41:02 rss=391M swap=0M cpu=88% cma_free=62M mem_avail=254M cache=14M temp=54.2C hwdec=v4l2m2m-copy pos=107 throttled=0x0 file=1992_bolling-na.mp4
2026-09-10 05:41:33 rss=391M swap=0M cpu=88% cma_free=62M mem_avail=259M cache=0M temp=54.8C hwdec=v4l2m2m-copy pos=109 throttled=0x0 file=070_img110.mp4
2026-09-10 05:42:05 rss=391M swap=0M cpu=87% cma_free=58M mem_avail=255M cache=0M temp=53.7C hwdec=v4l2m2m-copy pos=112 throttled=0x0 file=083_Kasseitje_024.mp4
2026-09-10 05:42:36 rss=391M swap=0M cpu=87% cma_free=62M mem_avail=256M cache=0M temp=54.8C hwdec=v4l2m2m-copy pos=115 throttled=0x0 file=016_1977_interwijk_lodejo_005.mp4
2026-09-10 05:43:07 rss=391M swap=0M cpu=91% cma_free=61M mem_avail=259M cache=32M temp=54.8C hwdec=v4l2m2m-copy pos=116 throttled=0x0 file=2000_langste_bloementapijt-01-na.mp4
2026-09-10 05:43:38 rss=391M swap=0M cpu=93% cma_free=61M mem_avail=261M cache=32M temp=54.2C hwdec=v4l2m2m-copy pos=116 throttled=0x0 file=2000_langste_bloementapijt-01-na.mp4
2026-09-10 05:44:10 rss=391M swap=0M cpu=91% cma_free=64M mem_avail=258M cache=32M temp=53.7C hwdec=v4l2m2m-copy pos=116 throttled=0x0 file=2000_langste_bloementapijt-01-na.mp4
2026-09-10 05:44:41 rss=391M swap=0M cpu=91% cma_free=61M mem_avail=260M cache=32M temp=54.2C hwdec=v4l2m2m-copy pos=116 throttled=0x0 file=2000_langste_bloementapijt-01-na.mp4
2026-09-10 05:45:12 rss=391M swap=0M cpu=91% cma_free=63M mem_avail=261M cache=32M temp=54.2C hwdec=v4l2m2m-copy pos=116 throttled=0x0 file=2000_langste_bloementapijt-01-na.mp4
2026-09-10 05:45:43 rss=391M swap=0M cpu=91% cma_free=59M mem_avail=261M cache=32M temp=54.2C hwdec=v4l2m2m-copy pos=116 throttled=0x0 file=2000_langste_bloementapijt-01-na.mp4
2026-09-10 05:46:15 rss=391M swap=0M cpu=90% cma_free=60M mem_avail=259M cache=32M temp=54.8C hwdec=v4l2m2m-copy pos=116 throttled=0x0 file=2000_langste_bloementapijt-01-na.mp4
2026-09-10 05:46:46 rss=391M swap=0M cpu=93% cma_free=61M mem_avail=259M cache=32M temp=54.8C hwdec=v4l2m2m-copy pos=116 throttled=0x0 file=2000_langste_bloementapijt-01-na.mp4
2026-09-10 05:47:17 rss=391M swap=0M cpu=89% cma_free=63M mem_avail=260M cache=32M temp=54.8C hwdec=v4l2m2m-copy pos=116 throttled=0x0 file=2000_langste_bloementapijt-01-na.mp4
2026-09-10 05:47:48 rss=391M swap=0M cpu=91% cma_free=58M mem_avail=261M cache=32M temp=54.2C hwdec=v4l2m2m-copy pos=116 throttled=0x0 file=2000_langste_bloementapijt-01-na.mp4
2026-09-10 05:48:20 rss=391M swap=0M cpu=91% cma_free=59M mem_avail=265M cache=32M temp=54.8C hwdec=v4l2m2m-copy pos=116 throttled=0x0 file=2000_langste_bloementapijt-01-na.mp4
2026-09-10 05:48:51 rss=391M swap=0M cpu=90% cma_free=62M mem_avail=260M cache=32M temp=54.8C hwdec=v4l2m2m-copy pos=116 throttled=0x0 file=2000_langste_bloementapijt-01-na.mp4
2026-09-10 05:49:22 rss=391M swap=0M cpu=90% cma_free=61M mem_avail=262M cache=32M temp=54.8C hwdec=v4l2m2m-copy pos=116 throttled=0x0 file=2000_langste_bloementapijt-01-na.mp4
2026-09-10 05:49:53 rss=391M swap=0M cpu=92% cma_free=60M mem_avail=263M cache=32M temp=54.8C hwdec=v4l2m2m-copy pos=116 throttled=0x0 file=2000_langste_bloementapijt-01-na.mp4
2026-09-10 05:50:25 rss=391M swap=0M cpu=90% cma_free=63M mem_avail=260M cache=32M temp=54.8C hwdec=v4l2m2m-copy pos=116 throttled=0x0 file=2000_langste_bloementapijt-01-na.mp4
2026-09-10 05:50:56 rss=391M swap=0M cpu=93% cma_free=63M mem_avail=264M cache=32M temp=54.8C hwdec=v4l2m2m-copy pos=116 throttled=0x0 file=2000_langste_bloementapijt-01-na.mp4
2026-09-10 05:51:27 rss=391M swap=0M cpu=90% cma_free=61M mem_avail=261M cache=32M temp=54.2C hwdec=v4l2m2m-copy pos=116 throttled=0x0 file=2000_langste_bloementapijt-01-na.mp4
2026-09-10 05:51:58 rss=391M swap=0M cpu=92% cma_free=61M mem_avail=262M cache=32M temp=54.8C hwdec=v4l2m2m-copy pos=116 throttled=0x0 file=2000_langste_bloementapijt-01-na.mp4
2026-09-10 05:52:29 rss=391M swap=0M cpu=92% cma_free=61M mem_avail=258M cache=32M temp=54.2C hwdec=v4l2m2m-copy pos=116 throttled=0x0 file=2000_langste_bloementapijt-01-na.mp4
2026-09-10 05:53:01 rss=391M swap=0M cpu=88% cma_free=60M mem_avail=258M cache=3M temp=54.8C hwdec=v4l2m2m-copy pos=116 throttled=0x0 file=2000_langste_bloementapijt-01-na.mp4
2026-09-10 05:53:32 rss=400M swap=0M cpu=88% cma_free=57M mem_avail=252M cache=0M temp=54.2C hwdec=v4l2m2m-copy pos=119 throttled=0x0 file=018_1981_Kermis_001.mp4
2026-09-10 05:54:03 rss=400M swap=0M cpu=86% cma_free=54M mem_avail=247M cache=0M temp=54.2C hwdec=v4l2m2m-copy pos=122 throttled=0x0 file=127_Kasseitje_148.mp4
2026-09-10 05:54:34 rss=400M swap=0M cpu=88% cma_free=62M mem_avail=248M cache=0M temp=53.7C hwdec=v4l2m2m-copy pos=125 throttled=0x0 file=092_Kasseitje_059.mp4
2026-09-10 05:55:06 rss=400M swap=0M cpu=86% cma_free=61M mem_avail=249M cache=1M temp=54.2C hwdec=v4l2m2m-copy pos=128 throttled=0x0 file=042_19XX_Bloemisterij_Puysseleyr_002.mp4
2026-09-10 05:55:37 rss=400M swap=0M cpu=85% cma_free=58M mem_avail=245M cache=1M temp=54.2C hwdec=v4l2m2m-copy pos=131 throttled=0x0 file=056_DSC_8956.mp4
2026-09-10 05:56:08 rss=400M swap=0M cpu=88% cma_free=58M mem_avail=245M cache=0M temp=53.7C hwdec=v4l2m2m-copy pos=133 throttled=0x0 file=
2026-09-10 05:56:39 rss=400M swap=0M cpu=87% cma_free=59M mem_avail=248M cache=0M temp=53.7C hwdec=v4l2m2m-copy pos=136 throttled=0x0 file=213_XXX_Kermis_008.mp4
2026-09-10 05:57:11 rss=400M swap=0M cpu=86% cma_free=63M mem_avail=250M cache=0M temp=54.8C hwdec=v4l2m2m-copy pos=139 throttled=0x0 file=020_1981_Kermis_003.mp4
2026-09-10 05:57:42 rss=400M swap=0M cpu=88% cma_free=63M mem_avail=252M cache=0M temp=54.2C hwdec=v4l2m2m-copy pos=142 throttled=0x0 file=103_Kasseitje_085.mp4
2026-09-10 05:58:13 rss=400M swap=0M cpu=87% cma_free=65M mem_avail=244M cache=0M temp=54.8C hwdec=v4l2m2m-copy pos=145 throttled=0x0 file=113_Kasseitje_108.mp4
2026-09-10 05:58:44 rss=400M swap=0M cpu=87% cma_free=64M mem_avail=248M cache=0M temp=54.2C hwdec=v4l2m2m-copy pos=148 throttled=0x0 file=049_2006_Europa_in_bloemen_003.mp4
2026-09-10 05:59:16 rss=400M swap=0M cpu=88% cma_free=65M mem_avail=243M cache=0M temp=54.8C hwdec=v4l2m2m-copy pos=151 throttled=0x0 file=180_Kasseitje_390.mp4
2026-09-10 05:59:47 rss=400M swap=0M cpu=87% cma_free=66M mem_avail=248M cache=1M temp=54.8C hwdec=v4l2m2m-copy pos=154 throttled=0x0 file=063_img074.mp4
2026-09-10 06:00:18 rss=400M swap=0M cpu=86% cma_free=58M mem_avail=245M cache=0M temp=53.7C hwdec=v4l2m2m-copy pos=157 throttled=0x0 file=138_Kasseitje_171.mp4
2026-09-10 06:00:49 rss=400M swap=0M cpu=85% cma_free=55M mem_avail=245M cache=0M temp=54.8C hwdec=v4l2m2m-copy pos=160 throttled=0x0 file=024_1981_Volpone_002.mp4
2026-09-10 06:01:20 rss=400M swap=0M cpu=87% cma_free=59M mem_avail=245M cache=0M temp=54.2C hwdec=v4l2m2m-copy pos=162 throttled=0x0 file=190_Kasseitje_461.mp4
2026-09-10 06:01:52 rss=400M swap=0M cpu=87% cma_free=58M mem_avail=245M cache=0M temp=54.8C hwdec=v4l2m2m-copy pos=165 throttled=0x0 file=188_Kasseitje_432.mp4
2026-09-10 06:02:23 rss=400M swap=0M cpu=90% cma_free=61M mem_avail=255M cache=32M temp=54.2C hwdec=v4l2m2m-copy pos=166 throttled=0x0 file=2000_langste_bloementapijt-02-na.mp4
2026-09-10 06:02:54 rss=400M swap=0M cpu=91% cma_free=60M mem_avail=252M cache=31M temp=54.2C hwdec=v4l2m2m-copy pos=166 throttled=0x0 file=2000_langste_bloementapijt-02-na.mp4
2026-09-10 06:03:25 rss=400M swap=0M cpu=93% cma_free=59M mem_avail=251M cache=32M temp=54.2C hwdec=v4l2m2m-copy pos=166 throttled=0x0 file=2000_langste_bloementapijt-02-na.mp4
2026-09-10 06:03:57 rss=400M swap=0M cpu=90% cma_free=58M mem_avail=250M cache=32M temp=54.2C hwdec=v4l2m2m-copy pos=166 throttled=0x0 file=2000_langste_bloementapijt-02-na.mp4
2026-09-10 06:04:28 rss=400M swap=0M cpu=90% cma_free=61M mem_avail=251M cache=32M temp=53.7C hwdec=v4l2m2m-copy pos=166 throttled=0x0 file=2000_langste_bloementapijt-02-na.mp4
2026-09-10 06:04:59 rss=400M swap=0M cpu=90% cma_free=59M mem_avail=248M cache=32M temp=54.8C hwdec=v4l2m2m-copy pos=166 throttled=0x0 file=2000_langste_bloementapijt-02-na.mp4
2026-09-10 06:05:30 rss=400M swap=0M cpu=90% cma_free=64M mem_avail=256M cache=32M temp=54.8C hwdec=v4l2m2m-copy pos=166 throttled=0x0 file=2000_langste_bloementapijt-02-na.mp4
2026-09-10 06:06:02 rss=400M swap=0M cpu=94% cma_free=61M mem_avail=252M cache=31M temp=54.2C hwdec=v4l2m2m-copy pos=166 throttled=0x0 file=2000_langste_bloementapijt-02-na.mp4
2026-09-10 06:06:33 rss=400M swap=0M cpu=92% cma_free=57M mem_avail=255M cache=32M temp=54.8C hwdec=v4l2m2m-copy pos=166 throttled=0x0 file=2000_langste_bloementapijt-02-na.mp4
2026-09-10 06:07:04 rss=400M swap=0M cpu=90% cma_free=62M mem_avail=252M cache=32M temp=54.8C hwdec=v4l2m2m-copy pos=166 throttled=0x0 file=2000_langste_bloementapijt-02-na.mp4
2026-09-10 06:07:35 rss=400M swap=0M cpu=89% cma_free=63M mem_avail=254M cache=32M temp=54.2C hwdec=v4l2m2m-copy pos=166 throttled=0x0 file=2000_langste_bloementapijt-02-na.mp4
2026-09-10 06:08:07 rss=400M swap=0M cpu=91% cma_free=59M mem_avail=252M cache=32M temp=54.8C hwdec=v4l2m2m-copy pos=166 throttled=0x0 file=2000_langste_bloementapijt-02-na.mp4
2026-09-10 06:08:38 rss=400M swap=0M cpu=93% cma_free=57M mem_avail=255M cache=32M temp=54.2C hwdec=v4l2m2m-copy pos=166 throttled=0x0 file=2000_langste_bloementapijt-02-na.mp4
2026-09-10 06:09:09 rss=400M swap=0M cpu=93% cma_free=59M mem_avail=252M cache=32M temp=54.2C hwdec=v4l2m2m-copy pos=166 throttled=0x0 file=2000_langste_bloementapijt-02-na.mp4
2026-09-10 06:09:40 rss=400M swap=0M cpu=90% cma_free=58M mem_avail=249M cache=32M temp=54.8C hwdec=v4l2m2m-copy pos=166 throttled=0x0 file=2000_langste_bloementapijt-02-na.mp4
2026-09-10 06:10:12 rss=400M swap=0M cpu=92% cma_free=57M mem_avail=254M cache=32M temp=54.8C hwdec=v4l2m2m-copy pos=166 throttled=0x0 file=2000_langste_bloementapijt-02-na.mp4
2026-09-10 06:10:43 rss=400M swap=0M cpu=92% cma_free=59M mem_avail=244M cache=32M temp=54.2C hwdec=v4l2m2m-copy pos=166 throttled=0x0 file=2000_langste_bloementapijt-02-na.mp4
2026-09-10 06:11:14 rss=400M swap=0M cpu=90% cma_free=60M mem_avail=251M cache=32M temp=54.8C hwdec=v4l2m2m-copy pos=166 throttled=0x0 file=2000_langste_bloementapijt-02-na.mp4
2026-09-10 06:11:45 rss=400M swap=0M cpu=91% cma_free=63M mem_avail=252M cache=31M temp=54.2C hwdec=v4l2m2m-copy pos=166 throttled=0x0 file=2000_langste_bloementapijt-02-na.mp4
2026-09-10 06:12:16 rss=400M swap=0M cpu=90% cma_free=60M mem_avail=249M cache=32M temp=54.8C hwdec=v4l2m2m-copy pos=166 throttled=0x0 file=2000_langste_bloementapijt-02-na.mp4
2026-09-10 06:12:48 rss=400M swap=0M cpu=90% cma_free=63M mem_avail=254M cache=32M temp=54.2C hwdec=v4l2m2m-copy pos=166 throttled=0x0 file=2000_langste_bloementapijt-02-na.mp4
2026-09-10 06:13:19 rss=400M swap=0M cpu=91% cma_free=55M mem_avail=250M cache=32M temp=54.2C hwdec=v4l2m2m-copy pos=166 throttled=0x0 file=2000_langste_bloementapijt-02-na.mp4
2026-09-10 06:13:50 rss=400M swap=0M cpu=87% cma_free=61M mem_avail=254M cache=13M temp=53.7C hwdec=v4l2m2m-copy pos=166 throttled=0x0 file=2000_langste_bloementapijt-02-na.mp4
2026-09-10 06:14:21 rss=400M swap=0M cpu=86% cma_free=60M mem_avail=247M cache=0M temp=54.2C hwdec=v4l2m2m-copy pos=168 throttled=0x0 file=108_Kasseitje_090.mp4
2026-09-10 06:14:53 rss=400M swap=0M cpu=91% cma_free=61M mem_avail=251M cache=32M temp=54.2C hwdec=v4l2m2m-copy pos=170 throttled=0x0 file=1973_kermis-na.mp4
2026-09-10 06:15:24 rss=400M swap=0M cpu=91% cma_free=56M mem_avail=249M cache=32M temp=54.8C hwdec=v4l2m2m-copy pos=170 throttled=0x0 file=1973_kermis-na.mp4
2026-09-10 06:15:55 rss=400M swap=0M cpu=90% cma_free=58M mem_avail=252M cache=32M temp=54.2C hwdec=v4l2m2m-copy pos=170 throttled=0x0 file=1973_kermis-na.mp4
2026-09-10 06:16:26 rss=400M swap=0M cpu=89% cma_free=57M mem_avail=254M cache=32M temp=54.2C hwdec=v4l2m2m-copy pos=170 throttled=0x0 file=1973_kermis-na.mp4
2026-09-10 06:16:58 rss=400M swap=0M cpu=90% cma_free=56M mem_avail=250M cache=32M temp=54.2C hwdec=v4l2m2m-copy pos=170 throttled=0x0 file=1973_kermis-na.mp4
2026-09-10 06:17:29 rss=400M swap=0M cpu=93% cma_free=59M mem_avail=243M cache=32M temp=54.2C hwdec=v4l2m2m-copy pos=170 throttled=0x0 file=1973_kermis-na.mp4
2026-09-10 06:18:00 rss=400M swap=0M cpu=91% cma_free=57M mem_avail=250M cache=32M temp=54.2C hwdec=v4l2m2m-copy pos=170 throttled=0x0 file=1973_kermis-na.mp4
2026-09-10 06:18:31 rss=400M swap=0M cpu=89% cma_free=57M mem_avail=248M cache=31M temp=54.2C hwdec=v4l2m2m-copy pos=170 throttled=0x0 file=1973_kermis-na.mp4
2026-09-10 06:19:03 rss=400M swap=0M cpu=89% cma_free=59M mem_avail=251M cache=32M temp=53.7C hwdec=v4l2m2m-copy pos=170 throttled=0x0 file=1973_kermis-na.mp4
2026-09-10 06:19:34 rss=400M swap=0M cpu=94% cma_free=61M mem_avail=249M cache=32M temp=54.8C hwdec=v4l2m2m-copy pos=170 throttled=0x0 file=1973_kermis-na.mp4
2026-09-10 06:20:05 rss=400M swap=0M cpu=90% cma_free=60M mem_avail=252M cache=32M temp=54.8C hwdec=v4l2m2m-copy pos=170 throttled=0x0 file=1973_kermis-na.mp4
2026-09-10 06:20:36 rss=379M swap=0M cpu=89% cma_free=63M mem_avail=269M cache=32M temp=54.8C hwdec=v4l2m2m-copy pos=170 throttled=0x0 file=1973_kermis-na.mp4
2026-09-10 06:21:07 rss=379M swap=0M cpu=92% cma_free=67M mem_avail=273M cache=32M temp=54.2C hwdec=v4l2m2m-copy pos=170 throttled=0x0 file=1973_kermis-na.mp4
2026-09-10 06:21:39 rss=379M swap=0M cpu=93% cma_free=67M mem_avail=273M cache=32M temp=54.8C hwdec=v4l2m2m-copy pos=170 throttled=0x0 file=1973_kermis-na.mp4
2026-09-10 06:22:10 rss=379M swap=0M cpu=90% cma_free=65M mem_avail=270M cache=32M temp=54.2C hwdec=v4l2m2m-copy pos=170 throttled=0x0 file=1973_kermis-na.mp4
2026-09-10 06:22:41 rss=379M swap=0M cpu=89% cma_free=65M mem_avail=267M cache=32M temp=54.2C hwdec=v4l2m2m-copy pos=170 throttled=0x0 file=1973_kermis-na.mp4
2026-09-10 06:23:12 rss=379M swap=0M cpu=90% cma_free=66M mem_avail=271M cache=32M temp=54.2C hwdec=v4l2m2m-copy pos=170 throttled=0x0 file=1973_kermis-na.mp4
2026-09-10 06:23:44 rss=379M swap=0M cpu=90% cma_free=66M mem_avail=276M cache=32M temp=54.8C hwdec=v4l2m2m-copy pos=170 throttled=0x0 file=1973_kermis-na.mp4
2026-09-10 06:24:15 rss=379M swap=0M cpu=89% cma_free=66M mem_avail=274M cache=32M temp=53.7C hwdec=v4l2m2m-copy pos=170 throttled=0x0 file=1973_kermis-na.mp4
2026-09-10 06:24:46 rss=379M swap=0M cpu=90% cma_free=68M mem_avail=270M cache=32M temp=53.7C hwdec=v4l2m2m-copy pos=170 throttled=0x0 file=1973_kermis-na.mp4
2026-09-10 06:25:17 rss=379M swap=0M cpu=90% cma_free=66M mem_avail=275M cache=32M temp=54.8C hwdec=v4l2m2m-copy pos=170 throttled=0x0 file=1973_kermis-na.mp4
2026-09-10 06:25:49 rss=379M swap=0M cpu=88% cma_free=67M mem_avail=275M cache=23M temp=54.2C hwdec=v4l2m2m-copy pos=170 throttled=0x0 file=1973_kermis-na.mp4
2026-09-10 06:26:20 rss=389M swap=0M cpu=87% cma_free=67M mem_avail=267M cache=1M temp=54.2C hwdec=v4l2m2m-copy pos=171 throttled=0x0 file=038_1996_Hutsepot_004.mp4
2026-09-10 06:26:51 rss=389M swap=0M cpu=87% cma_free=58M mem_avail=260M cache=0M temp=53.7C hwdec=v4l2m2m-copy pos=174 throttled=0x0 file=179_Kasseitje_350.mp4
2026-09-10 06:27:22 rss=389M swap=0M cpu=86% cma_free=53M mem_avail=256M cache=0M temp=54.2C hwdec=v4l2m2m-copy pos=177 throttled=0x0 file=110_Kasseitje_092.mp4
2026-09-10 06:27:54 rss=389M swap=0M cpu=90% cma_free=60M mem_avail=264M cache=32M temp=54.2C hwdec=v4l2m2m-copy pos=179 throttled=0x0 file=1992_ballon_mastklimmen-na.mp4
2026-09-10 06:28:25 rss=389M swap=0M cpu=89% cma_free=68M mem_avail=262M cache=31M temp=54.8C hwdec=v4l2m2m-copy pos=179 throttled=0x0 file=1992_ballon_mastklimmen-na.mp4
2026-09-10 06:28:56 rss=389M swap=0M cpu=91% cma_free=67M mem_avail=259M cache=32M temp=54.8C hwdec=v4l2m2m-copy pos=179 throttled=0x0 file=1992_ballon_mastklimmen-na.mp4
2026-09-10 06:29:27 rss=389M swap=0M cpu=88% cma_free=42M mem_avail=235M cache=0M temp=53.7C hwdec=v4l2m2m-copy pos=180 throttled=0x0 file=117_Kasseitje_123.mp4
2026-09-10 06:29:58 rss=389M swap=0M cpu=86% cma_free=63M mem_avail=261M cache=0M temp=54.8C hwdec=v4l2m2m-copy pos=182 throttled=0x0 file=090_Kasseitje_042.mp4
2026-09-10 06:30:30 rss=389M swap=0M cpu=92% cma_free=64M mem_avail=265M cache=31M temp=54.2C hwdec=v4l2m2m-copy pos=183 throttled=0x0 file=1992_jean_deschryver-na.mp4
2026-09-10 06:31:01 rss=389M swap=0M cpu=86% cma_free=64M mem_avail=261M cache=0M temp=53.7C hwdec=v4l2m2m-copy pos=184 throttled=0x0 file=202_P1020605.mp4
2026-09-10 06:31:32 rss=389M swap=0M cpu=85% cma_free=63M mem_avail=260M cache=1M temp=53.7C hwdec=v4l2m2m-copy pos=187 throttled=0x0 file=076_Kasseitje_004.mp4
2026-09-10 06:32:03 rss=389M swap=0M cpu=91% cma_free=66M mem_avail=262M cache=32M temp=54.2C hwdec=v4l2m2m-copy pos=188 throttled=0x0 file=1993_ballonmeeting-na.mp4
2026-09-10 06:32:35 rss=389M swap=0M cpu=91% cma_free=67M mem_avail=261M cache=32M temp=54.8C hwdec=v4l2m2m-copy pos=188 throttled=0x0 file=1993_ballonmeeting-na.mp4
2026-09-10 06:33:06 rss=389M swap=0M cpu=90% cma_free=66M mem_avail=266M cache=31M temp=54.8C hwdec=v4l2m2m-copy pos=188 throttled=0x0 file=1993_ballonmeeting-na.mp4
2026-09-10 06:33:37 rss=389M swap=0M cpu=91% cma_free=67M mem_avail=264M cache=32M temp=54.2C hwdec=v4l2m2m-copy pos=188 throttled=0x0 file=1993_ballonmeeting-na.mp4
2026-09-10 06:34:08 rss=389M swap=0M cpu=92% cma_free=65M mem_avail=262M cache=32M temp=54.2C hwdec=v4l2m2m-copy pos=188 throttled=0x0 file=1993_ballonmeeting-na.mp4
2026-09-10 06:34:40 rss=389M swap=0M cpu=89% cma_free=66M mem_avail=260M cache=32M temp=54.2C hwdec=v4l2m2m-copy pos=188 throttled=0x0 file=1993_ballonmeeting-na.mp4
2026-09-10 06:35:11 rss=389M swap=0M cpu=90% cma_free=66M mem_avail=264M cache=32M temp=54.8C hwdec=v4l2m2m-copy pos=188 throttled=0x0 file=1993_ballonmeeting-na.mp4
2026-09-10 06:35:42 rss=389M swap=0M cpu=90% cma_free=67M mem_avail=264M cache=32M temp=54.8C hwdec=v4l2m2m-copy pos=188 throttled=0x0 file=1993_ballonmeeting-na.mp4
2026-09-10 06:36:13 rss=389M swap=0M cpu=92% cma_free=66M mem_avail=263M cache=32M temp=54.8C hwdec=v4l2m2m-copy pos=188 throttled=0x0 file=1993_ballonmeeting-na.mp4
2026-09-10 06:36:45 rss=389M swap=0M cpu=91% cma_free=67M mem_avail=262M cache=32M temp=54.2C hwdec=v4l2m2m-copy pos=188 throttled=0x0 file=1993_ballonmeeting-na.mp4
2026-09-10 06:37:16 rss=389M swap=0M cpu=91% cma_free=68M mem_avail=263M cache=32M temp=53.7C hwdec=v4l2m2m-copy pos=188 throttled=0x0 file=1993_ballonmeeting-na.mp4
2026-09-10 06:37:47 rss=389M swap=0M cpu=92% cma_free=68M mem_avail=262M cache=32M temp=53.7C hwdec=v4l2m2m-copy pos=188 throttled=0x0 file=1993_ballonmeeting-na.mp4
2026-09-10 06:38:18 rss=389M swap=0M cpu=88% cma_free=67M mem_avail=259M cache=32M temp=53.7C hwdec=v4l2m2m-copy pos=188 throttled=0x0 file=1993_ballonmeeting-na.mp4
2026-09-10 06:38:49 rss=389M swap=0M cpu=90% cma_free=67M mem_avail=265M cache=32M temp=54.2C hwdec=v4l2m2m-copy pos=188 throttled=0x0 file=1993_ballonmeeting-na.mp4
2026-09-10 06:39:21 rss=389M swap=0M cpu=92% cma_free=66M mem_avail=266M cache=32M temp=54.2C hwdec=v4l2m2m-copy pos=188 throttled=0x0 file=1993_ballonmeeting-na.mp4
2026-09-10 06:39:52 rss=389M swap=0M cpu=92% cma_free=65M mem_avail=255M cache=31M temp=54.8C hwdec=v4l2m2m-copy pos=188 throttled=0x0 file=1993_ballonmeeting-na.mp4
2026-09-10 06:40:23 rss=389M swap=0M cpu=90% cma_free=68M mem_avail=264M cache=32M temp=54.2C hwdec=v4l2m2m-copy pos=188 throttled=0x0 file=1993_ballonmeeting-na.mp4
2026-09-10 06:40:54 rss=389M swap=0M cpu=89% cma_free=66M mem_avail=261M cache=32M temp=54.8C hwdec=v4l2m2m-copy pos=188 throttled=0x0 file=1993_ballonmeeting-na.mp4
2026-09-10 06:41:26 rss=389M swap=0M cpu=91% cma_free=66M mem_avail=259M cache=32M temp=54.2C hwdec=v4l2m2m-copy pos=188 throttled=0x0 file=1993_ballonmeeting-na.mp4
2026-09-10 06:41:57 rss=389M swap=0M cpu=90% cma_free=67M mem_avail=262M cache=32M temp=54.2C hwdec=v4l2m2m-copy pos=188 throttled=0x0 file=1993_ballonmeeting-na.mp4
2026-09-10 06:42:28 rss=389M swap=0M cpu=90% cma_free=68M mem_avail=260M cache=32M temp=54.2C hwdec=v4l2m2m-copy pos=188 throttled=0x0 file=1993_ballonmeeting-na.mp4
2026-09-10 06:42:59 rss=389M swap=0M cpu=91% cma_free=67M mem_avail=262M cache=32M temp=54.2C hwdec=v4l2m2m-copy pos=188 throttled=0x0 file=1993_ballonmeeting-na.mp4
2026-09-10 06:43:31 rss=389M swap=0M cpu=90% cma_free=66M mem_avail=260M cache=32M temp=54.2C hwdec=v4l2m2m-copy pos=188 throttled=0x0 file=1993_ballonmeeting-na.mp4
2026-09-10 06:44:02 rss=389M swap=0M cpu=91% cma_free=65M mem_avail=262M cache=32M temp=54.2C hwdec=v4l2m2m-copy pos=188 throttled=0x0 file=1993_ballonmeeting-na.mp4
2026-09-10 06:44:33 rss=389M swap=0M cpu=87% cma_free=64M mem_avail=255M cache=12M temp=54.8C hwdec=v4l2m2m-copy pos=188 throttled=0x0 file=1993_ballonmeeting-na.mp4
2026-09-10 06:45:04 rss=389M swap=0M cpu=90% cma_free=63M mem_avail=263M cache=32M temp=54.2C hwdec=v4l2m2m-copy pos=189 throttled=0x0 file=1992_opbouw-na.mp4
2026-09-10 06:45:36 rss=389M swap=0M cpu=89% cma_free=66M mem_avail=260M cache=32M temp=54.2C hwdec=v4l2m2m-copy pos=189 throttled=0x0 file=1992_opbouw-na.mp4
2026-09-10 06:46:07 rss=389M swap=0M cpu=90% cma_free=66M mem_avail=262M cache=32M temp=54.2C hwdec=v4l2m2m-copy pos=189 throttled=0x0 file=1992_opbouw-na.mp4
2026-09-10 06:46:38 rss=389M swap=0M cpu=93% cma_free=67M mem_avail=262M cache=32M temp=54.8C hwdec=v4l2m2m-copy pos=189 throttled=0x0 file=1992_opbouw-na.mp4
2026-09-10 06:47:09 rss=389M swap=0M cpu=89% cma_free=67M mem_avail=258M cache=11M temp=54.8C hwdec=v4l2m2m-copy pos=189 throttled=0x0 file=1992_opbouw-na.mp4
2026-09-10 06:47:41 rss=389M swap=0M cpu=88% cma_free=57M mem_avail=255M cache=0M temp=54.2C hwdec=v4l2m2m-copy pos=191 throttled=0x0 file=002_1961_Comite_001.mp4
2026-09-10 06:48:12 rss=389M swap=0M cpu=87% cma_free=60M mem_avail=258M cache=0M temp=54.2C hwdec=v4l2m2m-copy pos=194 throttled=0x0 file=162_Kasseitje_195.mp4
2026-09-10 06:48:43 rss=389M swap=0M cpu=87% cma_free=59M mem_avail=260M cache=0M temp=54.2C hwdec=v4l2m2m-copy pos=197 throttled=0x0 file=155_Kasseitje_188.mp4
2026-09-10 06:49:14 rss=389M swap=0M cpu=91% cma_free=60M mem_avail=258M cache=32M temp=54.2C hwdec=v4l2m2m-copy pos=199 throttled=0x0 file=1992_serrekunst-na.mp4
2026-09-10 06:49:45 rss=389M swap=0M cpu=92% cma_free=66M mem_avail=262M cache=32M temp=54.8C hwdec=v4l2m2m-copy pos=199 throttled=0x0 file=1992_serrekunst-na.mp4
2026-09-10 06:50:17 rss=389M swap=0M cpu=90% cma_free=65M mem_avail=262M cache=32M temp=54.8C hwdec=v4l2m2m-copy pos=199 throttled=0x0 file=1992_serrekunst-na.mp4
2026-09-10 06:50:48 rss=389M swap=0M cpu=90% cma_free=0M mem_avail=252M cache=32M temp=54.8C hwdec=v4l2m2m-copy pos=199 throttled=0x0 file=1992_serrekunst-na.mp4
2026-09-10 06:51:19 rss=389M swap=0M cpu=89% cma_free=0M mem_avail=260M cache=30M temp=54.8C hwdec=v4l2m2m-copy pos=199 throttled=0x0 file=1992_serrekunst-na.mp4
2026-09-10 06:51:50 rss=389M swap=0M cpu=86% cma_free=55M mem_avail=251M cache=0M temp=55.3C hwdec=v4l2m2m-copy pos=200 throttled=0x0 file=017_1979_Kassei-Cricket_001.mp4
2026-09-10 06:52:22 rss=389M swap=0M cpu=87% cma_free=58M mem_avail=255M cache=0M temp=54.8C hwdec=v4l2m2m-copy pos=203 throttled=0x0 file=154_Kasseitje_187.mp4
2026-09-10 06:52:53 rss=389M swap=0M cpu=87% cma_free=51M mem_avail=247M cache=0M temp=53.7C hwdec=v4l2m2m-copy pos=206 throttled=0x0 file=111_Kasseitje_098.mp4
2026-09-10 06:53:24 rss=389M swap=0M cpu=87% cma_free=51M mem_avail=256M cache=0M temp=54.8C hwdec=v4l2m2m-copy pos=209 throttled=0x0 file=131_Kasseitje_164.mp4
2026-09-10 06:53:55 rss=389M swap=0M cpu=87% cma_free=53M mem_avail=253M cache=1M temp=54.2C hwdec=v4l2m2m-copy pos=212 throttled=0x0 file=132_Kasseitje_165.mp4
2026-09-10 06:54:27 rss=389M swap=0M cpu=87% cma_free=46M mem_avail=247M cache=0M temp=54.2C hwdec=v4l2m2m-copy pos=215 throttled=0x0 file=178_Kasseitje_347.mp4
2026-09-10 06:54:58 rss=389M swap=0M cpu=88% cma_free=40M mem_avail=241M cache=1M temp=54.2C hwdec=v4l2m2m-copy pos=218 throttled=0x0 file=043_19XX_Bloemisterij_Puysseleyr_003.mp4
2026-09-10 06:55:29 rss=389M swap=0M cpu=88% cma_free=55M mem_avail=244M cache=0M temp=54.2C hwdec=v4l2m2m-copy pos=221 throttled=0x0 file=053_Bloemisterij_GVR.mp4
2026-09-10 06:56:00 rss=389M swap=0M cpu=86% cma_free=49M mem_avail=243M cache=0M temp=53.7C hwdec=v4l2m2m-copy pos=223 throttled=0x0 file=185_Kasseitje_421.mp4
2026-09-10 06:56:32 rss=389M swap=0M cpu=87% cma_free=57M mem_avail=257M cache=0M temp=54.2C hwdec=v4l2m2m-copy pos=226 throttled=0x0 file=050_2006_Europa_in_bloemen_004.mp4
2026-09-10 06:57:03 rss=389M swap=0M cpu=86% cma_free=50M mem_avail=245M cache=0M temp=54.2C hwdec=v4l2m2m-copy pos=229 throttled=0x0 file=101_Kasseitje_077.mp4
2026-09-10 06:57:34 rss=389M swap=0M cpu=89% cma_free=54M mem_avail=255M cache=32M temp=54.2C hwdec=v4l2m2m-copy pos=232 throttled=0x0 file=19xx_kermis-na.mp4
2026-09-10 06:58:05 rss=389M swap=0M cpu=89% cma_free=55M mem_avail=261M cache=32M temp=53.7C hwdec=v4l2m2m-copy pos=232 throttled=0x0 file=19xx_kermis-na.mp4
2026-09-10 06:58:37 rss=389M swap=0M cpu=90% cma_free=50M mem_avail=260M cache=32M temp=54.8C hwdec=v4l2m2m-copy pos=232 throttled=0x0 file=19xx_kermis-na.mp4
2026-09-10 06:59:08 rss=389M swap=0M cpu=90% cma_free=55M mem_avail=262M cache=32M temp=54.8C hwdec=v4l2m2m-copy pos=232 throttled=0x0 file=19xx_kermis-na.mp4
2026-09-10 06:59:39 rss=389M swap=0M cpu=90% cma_free=53M mem_avail=262M cache=32M temp=54.2C hwdec=v4l2m2m-copy pos=232 throttled=0x0 file=19xx_kermis-na.mp4
2026-09-10 07:00:10 rss=389M swap=0M cpu=90% cma_free=50M mem_avail=259M cache=32M temp=53.7C hwdec=v4l2m2m-copy pos=232 throttled=0x0 file=19xx_kermis-na.mp4
2026-09-10 07:00:42 rss=389M swap=0M cpu=90% cma_free=52M mem_avail=263M cache=31M temp=53.7C hwdec=v4l2m2m-copy pos=232 throttled=0x0 file=19xx_kermis-na.mp4
2026-09-10 07:01:13 rss=389M swap=0M cpu=90% cma_free=48M mem_avail=264M cache=31M temp=54.8C hwdec=v4l2m2m-copy pos=232 throttled=0x0 file=19xx_kermis-na.mp4
2026-09-10 07:01:44 rss=389M swap=0M cpu=89% cma_free=52M mem_avail=262M cache=32M temp=54.2C hwdec=v4l2m2m-copy pos=232 throttled=0x0 file=19xx_kermis-na.mp4
2026-09-10 07:02:15 rss=389M swap=0M cpu=89% cma_free=46M mem_avail=261M cache=32M temp=53.7C hwdec=v4l2m2m-copy pos=232 throttled=0x0 file=19xx_kermis-na.mp4
2026-09-10 07:02:47 rss=389M swap=0M cpu=90% cma_free=55M mem_avail=255M cache=32M temp=54.8C hwdec=v4l2m2m-copy pos=232 throttled=0x0 file=19xx_kermis-na.mp4
2026-09-10 07:03:18 rss=389M swap=0M cpu=90% cma_free=50M mem_avail=260M cache=32M temp=54.2C hwdec=v4l2m2m-copy pos=232 throttled=0x0 file=19xx_kermis-na.mp4
2026-09-10 07:03:49 rss=389M swap=0M cpu=90% cma_free=52M mem_avail=262M cache=32M temp=54.8C hwdec=v4l2m2m-copy pos=232 throttled=0x0 file=19xx_kermis-na.mp4
2026-09-10 07:04:20 rss=389M swap=0M cpu=91% cma_free=55M mem_avail=261M cache=32M temp=54.8C hwdec=v4l2m2m-copy pos=232 throttled=0x0 file=19xx_kermis-na.mp4
2026-09-10 07:04:52 rss=389M swap=0M cpu=90% cma_free=50M mem_avail=263M cache=32M temp=54.2C hwdec=v4l2m2m-copy pos=232 throttled=0x0 file=19xx_kermis-na.mp4
2026-09-10 07:05:23 rss=389M swap=0M cpu=90% cma_free=52M mem_avail=261M cache=32M temp=54.2C hwdec=v4l2m2m-copy pos=232 throttled=0x0 file=19xx_kermis-na.mp4
2026-09-10 07:05:54 rss=389M swap=0M cpu=89% cma_free=53M mem_avail=260M cache=32M temp=54.8C hwdec=v4l2m2m-copy pos=232 throttled=0x0 file=19xx_kermis-na.mp4
2026-09-10 07:06:25 rss=389M swap=0M cpu=90% cma_free=55M mem_avail=260M cache=32M temp=54.8C hwdec=v4l2m2m-copy pos=232 throttled=0x0 file=19xx_kermis-na.mp4
2026-09-10 07:06:57 rss=389M swap=0M cpu=90% cma_free=48M mem_avail=258M cache=32M temp=54.2C hwdec=v4l2m2m-copy pos=232 throttled=0x0 file=19xx_kermis-na.mp4
2026-09-10 07:07:28 rss=389M swap=0M cpu=93% cma_free=49M mem_avail=262M cache=32M temp=53.7C hwdec=v4l2m2m-copy pos=232 throttled=0x0 file=19xx_kermis-na.mp4
2026-09-10 07:07:59 rss=389M swap=0M cpu=89% cma_free=53M mem_avail=260M cache=32M temp=54.8C hwdec=v4l2m2m-copy pos=232 throttled=0x0 file=19xx_kermis-na.mp4
2026-09-10 07:08:30 rss=389M swap=0M cpu=91% cma_free=50M mem_avail=258M cache=32M temp=54.8C hwdec=v4l2m2m-copy pos=232 throttled=0x0 file=19xx_kermis-na.mp4
2026-09-10 07:09:02 rss=389M swap=0M cpu=91% cma_free=53M mem_avail=259M cache=32M temp=54.2C hwdec=v4l2m2m-copy pos=232 throttled=0x0 file=19xx_kermis-na.mp4
2026-09-10 07:09:33 rss=389M swap=0M cpu=90% cma_free=56M mem_avail=257M cache=32M temp=54.2C hwdec=v4l2m2m-copy pos=232 throttled=0x0 file=19xx_kermis-na.mp4
2026-09-10 07:10:04 rss=389M swap=0M cpu=89% cma_free=49M mem_avail=259M cache=32M temp=54.8C hwdec=v4l2m2m-copy pos=232 throttled=0x0 file=19xx_kermis-na.mp4
2026-09-10 07:10:35 rss=389M swap=0M cpu=90% cma_free=50M mem_avail=259M cache=32M temp=54.2C hwdec=v4l2m2m-copy pos=232 throttled=0x0 file=19xx_kermis-na.mp4
2026-09-10 07:11:07 rss=389M swap=0M cpu=90% cma_free=49M mem_avail=261M cache=32M temp=54.2C hwdec=v4l2m2m-copy pos=232 throttled=0x0 file=19xx_kermis-na.mp4
2026-09-10 07:11:38 rss=389M swap=0M cpu=91% cma_free=51M mem_avail=262M cache=31M temp=54.2C hwdec=v4l2m2m-copy pos=232 throttled=0x0 file=19xx_kermis-na.mp4
2026-09-10 07:12:09 rss=389M swap=0M cpu=90% cma_free=54M mem_avail=262M cache=32M temp=54.8C hwdec=v4l2m2m-copy pos=232 throttled=0x0 file=19xx_kermis-na.mp4
2026-09-10 07:12:40 rss=389M swap=0M cpu=89% cma_free=49M mem_avail=254M cache=32M temp=54.8C hwdec=v4l2m2m-copy pos=232 throttled=0x0 file=19xx_kermis-na.mp4
2026-09-10 07:13:12 rss=389M swap=0M cpu=90% cma_free=53M mem_avail=258M cache=32M temp=53.7C hwdec=v4l2m2m-copy pos=232 throttled=0x0 file=19xx_kermis-na.mp4
2026-09-10 07:13:43 rss=389M swap=0M cpu=90% cma_free=51M mem_avail=260M cache=32M temp=54.8C hwdec=v4l2m2m-copy pos=232 throttled=0x0 file=19xx_kermis-na.mp4
2026-09-10 07:14:14 rss=389M swap=0M cpu=90% cma_free=52M mem_avail=257M cache=32M temp=54.2C hwdec=v4l2m2m-copy pos=232 throttled=0x0 file=19xx_kermis-na.mp4
2026-09-10 07:14:45 rss=389M swap=0M cpu=88% cma_free=49M mem_avail=262M cache=20M temp=54.2C hwdec=v4l2m2m-copy pos=232 throttled=0x0 file=19xx_kermis-na.mp4
2026-09-10 07:15:17 rss=389M swap=0M cpu=86% cma_free=56M mem_avail=250M cache=0M temp=54.2C hwdec=v4l2m2m-copy pos=234 throttled=0x0 file=211_XXX_Kermis_002.mp4
2026-09-10 07:15:48 rss=393M swap=0M cpu=90% cma_free=38M mem_avail=258M cache=32M temp=54.8C hwdec=v4l2m2m-copy pos=0 throttled=0x0 file=1992_viva_espania-na.mp4
2026-09-10 07:16:19 rss=394M swap=0M cpu=90% cma_free=45M mem_avail=257M cache=32M temp=54.8C hwdec=v4l2m2m-copy pos=0 throttled=0x0 file=1992_viva_espania-na.mp4
2026-09-10 07:16:50 rss=394M swap=0M cpu=91% cma_free=47M mem_avail=255M cache=32M temp=54.8C hwdec=v4l2m2m-copy pos=0 throttled=0x0 file=1992_viva_espania-na.mp4
2026-09-10 07:17:22 rss=395M swap=0M cpu=88% cma_free=44M mem_avail=252M cache=3M temp=54.8C hwdec=v4l2m2m-copy pos=0 throttled=0x0 file=1992_viva_espania-na.mp4
2026-09-10 07:17:53 rss=405M swap=0M cpu=87% cma_free=49M mem_avail=238M cache=0M temp=54.8C hwdec=v4l2m2m-copy pos=3 throttled=0x0 file=140_Kasseitje_173.mp4
2026-09-10 07:18:24 rss=405M swap=0M cpu=87% cma_free=55M mem_avail=232M cache=0M temp=54.2C hwdec=v4l2m2m-copy pos=6 throttled=0x0 file=135_Kasseitje_168.mp4
2026-09-10 07:18:55 rss=405M swap=0M cpu=90% cma_free=57M mem_avail=246M cache=32M temp=54.8C hwdec=v4l2m2m-copy pos=9 throttled=0x0 file=1992_opbouw-na.mp4
2026-09-10 07:19:26 rss=405M swap=0M cpu=92% cma_free=42M mem_avail=243M cache=32M temp=54.2C hwdec=v4l2m2m-copy pos=9 throttled=0x0 file=1992_opbouw-na.mp4
2026-09-10 07:19:58 rss=405M swap=0M cpu=91% cma_free=39M mem_avail=245M cache=32M temp=53.7C hwdec=v4l2m2m-copy pos=9 throttled=0x0 file=1992_opbouw-na.mp4
2026-09-10 07:20:29 rss=405M swap=0M cpu=90% cma_free=38M mem_avail=248M cache=31M temp=54.2C hwdec=v4l2m2m-copy pos=9 throttled=0x0 file=1992_opbouw-na.mp4
2026-09-10 07:21:00 rss=405M swap=0M cpu=88% cma_free=41M mem_avail=244M cache=30M temp=54.2C hwdec=v4l2m2m-copy pos=9 throttled=0x0 file=1992_opbouw-na.mp4
2026-09-10 07:21:31 rss=405M swap=0M cpu=87% cma_free=45M mem_avail=244M cache=1M temp=54.8C hwdec=v4l2m2m-copy pos=10 throttled=0x0 file=043_19XX_Bloemisterij_Puysseleyr_003.mp4
2026-09-10 07:22:03 rss=405M swap=0M cpu=91% cma_free=45M mem_avail=246M cache=32M temp=54.2C hwdec=v4l2m2m-copy pos=11 throttled=0x0 file=19xx_kermis-na.mp4
2026-09-10 07:22:34 rss=405M swap=0M cpu=91% cma_free=35M mem_avail=243M cache=32M temp=54.2C hwdec=v4l2m2m-copy pos=11 throttled=0x0 file=19xx_kermis-na.mp4
2026-09-10 07:23:05 rss=405M swap=0M cpu=90% cma_free=41M mem_avail=241M cache=32M temp=54.8C hwdec=v4l2m2m-copy pos=11 throttled=0x0 file=19xx_kermis-na.mp4
2026-09-10 07:23:36 rss=405M swap=0M cpu=89% cma_free=38M mem_avail=249M cache=32M temp=54.8C hwdec=v4l2m2m-copy pos=11 throttled=0x0 file=19xx_kermis-na.mp4
2026-09-10 07:24:08 rss=405M swap=0M cpu=90% cma_free=38M mem_avail=248M cache=32M temp=54.8C hwdec=v4l2m2m-copy pos=11 throttled=0x0 file=19xx_kermis-na.mp4
2026-09-10 07:24:39 rss=405M swap=0M cpu=90% cma_free=37M mem_avail=248M cache=32M temp=54.8C hwdec=v4l2m2m-copy pos=11 throttled=0x0 file=19xx_kermis-na.mp4
2026-09-10 07:25:10 rss=405M swap=0M cpu=89% cma_free=39M mem_avail=242M cache=32M temp=54.8C hwdec=v4l2m2m-copy pos=11 throttled=0x0 file=19xx_kermis-na.mp4
2026-09-10 07:25:41 rss=405M swap=0M cpu=88% cma_free=40M mem_avail=247M cache=32M temp=54.8C hwdec=v4l2m2m-copy pos=11 throttled=0x0 file=19xx_kermis-na.mp4
2026-09-10 07:26:12 rss=405M swap=0M cpu=91% cma_free=36M mem_avail=244M cache=32M temp=54.8C hwdec=v4l2m2m-copy pos=11 throttled=0x0 file=19xx_kermis-na.mp4
2026-09-10 07:26:44 rss=405M swap=0M cpu=89% cma_free=37M mem_avail=248M cache=32M temp=54.8C hwdec=v4l2m2m-copy pos=11 throttled=0x0 file=19xx_kermis-na.mp4
2026-09-10 07:27:15 rss=405M swap=0M cpu=89% cma_free=38M mem_avail=245M cache=32M temp=53.7C hwdec=v4l2m2m-copy pos=11 throttled=0x0 file=19xx_kermis-na.mp4
2026-09-10 07:27:46 rss=405M swap=0M cpu=90% cma_free=38M mem_avail=247M cache=31M temp=54.2C hwdec=v4l2m2m-copy pos=11 throttled=0x0 file=19xx_kermis-na.mp4
2026-09-10 07:28:17 rss=405M swap=0M cpu=92% cma_free=33M mem_avail=244M cache=32M temp=54.8C hwdec=v4l2m2m-copy pos=11 throttled=0x0 file=19xx_kermis-na.mp4
2026-09-10 07:28:49 rss=405M swap=0M cpu=90% cma_free=35M mem_avail=244M cache=32M temp=54.8C hwdec=v4l2m2m-copy pos=11 throttled=0x0 file=19xx_kermis-na.mp4
2026-09-10 07:29:20 rss=405M swap=0M cpu=89% cma_free=38M mem_avail=246M cache=32M temp=54.8C hwdec=v4l2m2m-copy pos=11 throttled=0x0 file=19xx_kermis-na.mp4
2026-09-10 07:29:51 rss=405M swap=0M cpu=90% cma_free=38M mem_avail=246M cache=32M temp=54.2C hwdec=v4l2m2m-copy pos=11 throttled=0x0 file=19xx_kermis-na.mp4
2026-09-10 07:30:22 rss=405M swap=0M cpu=91% cma_free=37M mem_avail=245M cache=32M temp=54.8C hwdec=v4l2m2m-copy pos=11 throttled=0x0 file=19xx_kermis-na.mp4
2026-09-10 07:30:54 rss=405M swap=0M cpu=90% cma_free=40M mem_avail=244M cache=32M temp=54.8C hwdec=v4l2m2m-copy pos=11 throttled=0x0 file=19xx_kermis-na.mp4
2026-09-10 07:31:25 rss=405M swap=0M cpu=89% cma_free=36M mem_avail=245M cache=32M temp=54.8C hwdec=v4l2m2m-copy pos=11 throttled=0x0 file=19xx_kermis-na.mp4
2026-09-10 07:31:56 rss=405M swap=0M cpu=89% cma_free=40M mem_avail=246M cache=32M temp=54.8C hwdec=v4l2m2m-copy pos=11 throttled=0x0 file=19xx_kermis-na.mp4
2026-09-10 07:32:27 rss=405M swap=0M cpu=89% cma_free=39M mem_avail=246M cache=32M temp=54.2C hwdec=v4l2m2m-copy pos=11 throttled=0x0 file=19xx_kermis-na.mp4
2026-09-10 07:32:58 rss=405M swap=0M cpu=90% cma_free=37M mem_avail=245M cache=31M temp=54.2C hwdec=v4l2m2m-copy pos=11 throttled=0x0 file=19xx_kermis-na.mp4
2026-09-10 07:33:30 rss=405M swap=0M cpu=89% cma_free=37M mem_avail=245M cache=32M temp=54.8C hwdec=v4l2m2m-copy pos=11 throttled=0x0 file=19xx_kermis-na.mp4
2026-09-10 07:34:01 rss=405M swap=0M cpu=91% cma_free=38M mem_avail=245M cache=31M temp=54.2C hwdec=v4l2m2m-copy pos=11 throttled=0x0 file=19xx_kermis-na.mp4
2026-09-10 07:34:32 rss=405M swap=0M cpu=91% cma_free=34M mem_avail=243M cache=32M temp=54.8C hwdec=v4l2m2m-copy pos=11 throttled=0x0 file=19xx_kermis-na.mp4
2026-09-10 07:35:03 rss=405M swap=0M cpu=90% cma_free=35M mem_avail=246M cache=32M temp=54.2C hwdec=v4l2m2m-copy pos=11 throttled=0x0 file=19xx_kermis-na.mp4
2026-09-10 07:35:35 rss=405M swap=0M cpu=89% cma_free=36M mem_avail=244M cache=32M temp=54.8C hwdec=v4l2m2m-copy pos=11 throttled=0x0 file=19xx_kermis-na.mp4
2026-09-10 07:36:06 rss=405M swap=0M cpu=90% cma_free=38M mem_avail=247M cache=31M temp=54.2C hwdec=v4l2m2m-copy pos=11 throttled=0x0 file=19xx_kermis-na.mp4
2026-09-10 07:36:37 rss=405M swap=0M cpu=89% cma_free=35M mem_avail=244M cache=32M temp=54.2C hwdec=v4l2m2m-copy pos=11 throttled=0x0 file=19xx_kermis-na.mp4
2026-09-10 07:37:08 rss=405M swap=0M cpu=91% cma_free=39M mem_avail=248M cache=32M temp=54.8C hwdec=v4l2m2m-copy pos=11 throttled=0x0 file=19xx_kermis-na.mp4
2026-09-10 07:37:40 rss=405M swap=0M cpu=90% cma_free=39M mem_avail=249M cache=32M temp=54.8C hwdec=v4l2m2m-copy pos=11 throttled=0x0 file=19xx_kermis-na.mp4
2026-09-10 07:38:11 rss=405M swap=0M cpu=90% cma_free=35M mem_avail=243M cache=32M temp=54.8C hwdec=v4l2m2m-copy pos=11 throttled=0x0 file=19xx_kermis-na.mp4
2026-09-10 07:38:42 rss=405M swap=0M cpu=92% cma_free=39M mem_avail=249M cache=32M temp=53.7C hwdec=v4l2m2m-copy pos=11 throttled=0x0 file=19xx_kermis-na.mp4
2026-09-10 07:39:13 rss=405M swap=0M cpu=89% cma_free=34M mem_avail=244M cache=1M temp=53.7C hwdec=v4l2m2m-copy pos=11 throttled=0x0 file=19xx_kermis-na.mp4
2026-09-10 07:39:44 rss=389M swap=0M cpu=86% cma_free=59M mem_avail=251M cache=0M temp=54.2C hwdec=v4l2m2m-copy pos=14 throttled=0x0 file=116_Kasseitje_122.mp4
2026-09-10 07:40:16 rss=389M swap=0M cpu=87% cma_free=55M mem_avail=254M cache=0M temp=54.2C hwdec=v4l2m2m-copy pos=17 throttled=0x0 file=012_1977_interwijk_lodejo_001.mp4
2026-09-10 07:40:47 rss=389M swap=0M cpu=87% cma_free=59M mem_avail=257M cache=0M temp=54.2C hwdec=v4l2m2m-copy pos=20 throttled=0x0 file=143_Kasseitje_176.mp4
2026-09-10 07:41:18 rss=389M swap=0M cpu=88% cma_free=55M mem_avail=255M cache=0M temp=54.2C hwdec=v4l2m2m-copy pos=23 throttled=0x0 file=186_Kasseitje_422.mp4
2026-09-10 07:41:49 rss=389M swap=0M cpu=86% cma_free=51M mem_avail=249M cache=1M temp=53.7C hwdec=v4l2m2m-copy pos=26 throttled=0x0 file=207_PICT0064.mp4
2026-09-10 07:42:21 rss=389M swap=0M cpu=87% cma_free=62M mem_avail=257M cache=0M temp=54.8C hwdec=v4l2m2m-copy pos=29 throttled=0x0 file=126_Kasseitje_147.mp4
2026-09-10 07:42:52 rss=389M swap=0M cpu=87% cma_free=51M mem_avail=246M cache=0M temp=53.7C hwdec=v4l2m2m-copy pos=32 throttled=0x0 file=161_Kasseitje_194.mp4
2026-09-10 07:43:23 rss=389M swap=0M cpu=88% cma_free=46M mem_avail=254M cache=0M temp=54.2C hwdec=v4l2m2m-copy pos=34 throttled=0x0 file=159_Kasseitje_192.mp4
2026-09-10 07:43:54 rss=389M swap=0M cpu=90% cma_free=58M mem_avail=260M cache=32M temp=54.2C hwdec=v4l2m2m-copy pos=35 throttled=0x0 file=1992_bolling-na.mp4
2026-09-10 07:44:26 rss=389M swap=0M cpu=90% cma_free=56M mem_avail=262M cache=32M temp=54.8C hwdec=v4l2m2m-copy pos=35 throttled=0x0 file=1992_bolling-na.mp4
2026-09-10 07:44:57 rss=389M swap=0M cpu=91% cma_free=52M mem_avail=264M cache=32M temp=53.7C hwdec=v4l2m2m-copy pos=35 throttled=0x0 file=1992_bolling-na.mp4
2026-09-10 07:45:28 rss=389M swap=0M cpu=90% cma_free=55M mem_avail=259M cache=31M temp=53.7C hwdec=v4l2m2m-copy pos=35 throttled=0x0 file=1992_bolling-na.mp4
2026-09-10 07:45:59 rss=389M swap=0M cpu=90% cma_free=51M mem_avail=262M cache=32M temp=54.2C hwdec=v4l2m2m-copy pos=35 throttled=0x0 file=1992_bolling-na.mp4
2026-09-10 07:46:31 rss=389M swap=0M cpu=93% cma_free=56M mem_avail=263M cache=32M temp=54.8C hwdec=v4l2m2m-copy pos=35 throttled=0x0 file=1992_bolling-na.mp4
2026-09-10 07:47:02 rss=391M swap=0M cpu=90% cma_free=43M mem_avail=259M cache=32M temp=54.8C hwdec=v4l2m2m-copy pos=35 throttled=0x0 file=1992_bolling-na.mp4
2026-09-10 07:47:33 rss=391M swap=0M cpu=91% cma_free=52M mem_avail=258M cache=32M temp=54.2C hwdec=v4l2m2m-copy pos=35 throttled=0x0 file=1992_bolling-na.mp4
2026-09-10 07:48:04 rss=391M swap=0M cpu=92% cma_free=47M mem_avail=254M cache=32M temp=54.2C hwdec=v4l2m2m-copy pos=35 throttled=0x0 file=1992_bolling-na.mp4
2026-09-10 07:48:36 rss=391M swap=0M cpu=90% cma_free=49M mem_avail=261M cache=32M temp=54.2C hwdec=v4l2m2m-copy pos=35 throttled=0x0 file=1992_bolling-na.mp4
2026-09-10 07:49:07 rss=391M swap=0M cpu=89% cma_free=49M mem_avail=256M cache=32M temp=53.7C hwdec=v4l2m2m-copy pos=35 throttled=0x0 file=1992_bolling-na.mp4
2026-09-10 07:49:38 rss=391M swap=0M cpu=90% cma_free=51M mem_avail=262M cache=32M temp=53.7C hwdec=v4l2m2m-copy pos=35 throttled=0x0 file=1992_bolling-na.mp4
2026-09-10 07:50:09 rss=391M swap=0M cpu=91% cma_free=46M mem_avail=258M cache=32M temp=54.8C hwdec=v4l2m2m-copy pos=35 throttled=0x0 file=1992_bolling-na.mp4
2026-09-10 07:50:40 rss=391M swap=0M cpu=89% cma_free=51M mem_avail=261M cache=32M temp=54.8C hwdec=v4l2m2m-copy pos=35 throttled=0x0 file=1992_bolling-na.mp4
2026-09-10 07:51:12 rss=391M swap=0M cpu=90% cma_free=51M mem_avail=262M cache=31M temp=54.2C hwdec=v4l2m2m-copy pos=35 throttled=0x0 file=1992_bolling-na.mp4
2026-09-10 07:51:43 rss=391M swap=0M cpu=90% cma_free=47M mem_avail=255M cache=1M temp=54.8C hwdec=v4l2m2m-copy pos=35 throttled=0x0 file=1992_bolling-na.mp4
2026-09-10 07:52:14 rss=391M swap=0M cpu=91% cma_free=50M mem_avail=258M cache=32M temp=54.8C hwdec=v4l2m2m-copy pos=36 throttled=0x0 file=1992_optreden_vrouwen-na.mp4
2026-09-10 07:52:45 rss=391M swap=0M cpu=89% cma_free=49M mem_avail=260M cache=32M temp=54.2C hwdec=v4l2m2m-copy pos=36 throttled=0x0 file=1992_optreden_vrouwen-na.mp4
2026-09-10 07:53:17 rss=391M swap=0M cpu=90% cma_free=50M mem_avail=257M cache=32M temp=54.2C hwdec=v4l2m2m-copy pos=36 throttled=0x0 file=1992_optreden_vrouwen-na.mp4
2026-09-10 07:53:48 rss=398M swap=0M cpu=89% cma_free=45M mem_avail=251M cache=14M temp=54.8C hwdec=v4l2m2m-copy pos=36 throttled=0x0 file=1992_optreden_vrouwen-na.mp4
2026-09-10 07:54:19 rss=398M swap=0M cpu=88% cma_free=43M mem_avail=249M cache=0M temp=54.2C hwdec=v4l2m2m-copy pos=38 throttled=0x0 file=128_Kasseitje_161.mp4
2026-09-10 07:54:50 rss=398M swap=0M cpu=91% cma_free=48M mem_avail=248M cache=31M temp=54.8C hwdec=v4l2m2m-copy pos=39 throttled=0x0 file=1992_jean_deschryver-na.mp4
2026-09-10 07:55:22 rss=398M swap=0M cpu=88% cma_free=55M mem_avail=241M cache=0M temp=54.8C hwdec=v4l2m2m-copy pos=40 throttled=0x0 file=022_1981_Kermis_008.mp4
2026-09-10 07:55:53 rss=398M swap=0M cpu=88% cma_free=55M mem_avail=244M cache=0M temp=54.8C hwdec=v4l2m2m-copy pos=43 throttled=0x0 file=146_Kasseitje_179.mp4
2026-09-10 07:56:24 rss=365M swap=0M cpu=87% cma_free=64M mem_avail=289M cache=0M temp=54.8C hwdec=v4l2m2m-copy pos=45 throttled=0x0 file=085_Kasseitje_027.mp4
2026-09-10 07:56:56 rss=365M swap=0M cpu=92% cma_free=57M mem_avail=287M cache=32M temp=54.8C hwdec=v4l2m2m-copy pos=46 throttled=0x0 file=1992_ballonmeeting-na.mp4
2026-09-10 07:57:27 rss=365M swap=0M cpu=91% cma_free=63M mem_avail=287M cache=32M temp=54.8C hwdec=v4l2m2m-copy pos=46 throttled=0x0 file=1992_ballonmeeting-na.mp4
2026-09-10 07:57:58 rss=365M swap=0M cpu=90% cma_free=64M mem_avail=288M cache=32M temp=54.8C hwdec=v4l2m2m-copy pos=46 throttled=0x0 file=1992_ballonmeeting-na.mp4
2026-09-10 07:58:29 rss=365M swap=0M cpu=92% cma_free=65M mem_avail=285M cache=31M temp=54.2C hwdec=v4l2m2m-copy pos=46 throttled=0x0 file=1992_ballonmeeting-na.mp4
2026-09-10 07:59:01 rss=365M swap=0M cpu=90% cma_free=65M mem_avail=289M cache=32M temp=54.8C hwdec=v4l2m2m-copy pos=46 throttled=0x0 file=1992_ballonmeeting-na.mp4
2026-09-10 07:59:32 rss=365M swap=0M cpu=92% cma_free=66M mem_avail=287M cache=32M temp=54.2C hwdec=v4l2m2m-copy pos=46 throttled=0x0 file=1992_ballonmeeting-na.mp4
2026-09-10 08:00:03 rss=365M swap=0M cpu=90% cma_free=65M mem_avail=283M cache=32M temp=54.8C hwdec=v4l2m2m-copy pos=46 throttled=0x0 file=1992_ballonmeeting-na.mp4
2026-09-10 08:00:34 rss=365M swap=0M cpu=91% cma_free=64M mem_avail=285M cache=32M temp=54.8C hwdec=v4l2m2m-copy pos=46 throttled=0x0 file=1992_ballonmeeting-na.mp4
2026-09-10 08:01:06 rss=365M swap=0M cpu=90% cma_free=65M mem_avail=288M cache=32M temp=54.8C hwdec=v4l2m2m-copy pos=46 throttled=0x0 file=1992_ballonmeeting-na.mp4
2026-09-10 08:01:37 rss=365M swap=0M cpu=90% cma_free=66M mem_avail=286M cache=32M temp=54.2C hwdec=v4l2m2m-copy pos=46 throttled=0x0 file=1992_ballonmeeting-na.mp4
2026-09-10 08:02:08 rss=365M swap=0M cpu=91% cma_free=64M mem_avail=283M cache=32M temp=54.2C hwdec=v4l2m2m-copy pos=46 throttled=0x0 file=1992_ballonmeeting-na.mp4
2026-09-10 08:02:39 rss=365M swap=0M cpu=90% cma_free=62M mem_avail=287M cache=32M temp=54.2C hwdec=v4l2m2m-copy pos=46 throttled=0x0 file=1992_ballonmeeting-na.mp4
2026-09-10 08:03:10 rss=365M swap=0M cpu=91% cma_free=65M mem_avail=279M cache=32M temp=53.7C hwdec=v4l2m2m-copy pos=46 throttled=0x0 file=1992_ballonmeeting-na.mp4
2026-09-10 08:03:42 rss=365M swap=0M cpu=91% cma_free=65M mem_avail=286M cache=31M temp=53.7C hwdec=v4l2m2m-copy pos=46 throttled=0x0 file=1992_ballonmeeting-na.mp4
2026-09-10 08:04:13 rss=365M swap=0M cpu=90% cma_free=64M mem_avail=285M cache=32M temp=54.2C hwdec=v4l2m2m-copy pos=46 throttled=0x0 file=1992_ballonmeeting-na.mp4
2026-09-10 08:04:44 rss=365M swap=0M cpu=91% cma_free=65M mem_avail=283M cache=32M temp=53.7C hwdec=v4l2m2m-copy pos=46 throttled=0x0 file=1992_ballonmeeting-na.mp4
2026-09-10 08:05:15 rss=365M swap=0M cpu=91% cma_free=64M mem_avail=283M cache=31M temp=53.7C hwdec=v4l2m2m-copy pos=46 throttled=0x0 file=1992_ballonmeeting-na.mp4
2026-09-10 08:05:47 rss=365M swap=0M cpu=90% cma_free=63M mem_avail=289M cache=32M temp=53.2C hwdec=v4l2m2m-copy pos=46 throttled=0x0 file=1992_ballonmeeting-na.mp4
2026-09-10 08:06:18 rss=365M swap=0M cpu=92% cma_free=63M mem_avail=284M cache=32M temp=53.7C hwdec=v4l2m2m-copy pos=46 throttled=0x0 file=1992_ballonmeeting-na.mp4
2026-09-10 08:06:49 rss=365M swap=0M cpu=88% cma_free=64M mem_avail=287M cache=20M temp=52.6C hwdec=v4l2m2m-copy pos=46 throttled=0x0 file=1992_ballonmeeting-na.mp4
2026-09-10 08:07:20 rss=365M swap=0M cpu=88% cma_free=63M mem_avail=282M cache=0M temp=53.2C hwdec=v4l2m2m-copy pos=48 throttled=0x0 file=004_1963_Regelmatigheidskoers_001.mp4
2026-09-10 08:07:52 rss=365M swap=0M cpu=85% cma_free=64M mem_avail=278M cache=1M temp=52.6C hwdec=v4l2m2m-copy pos=51 throttled=0x0 file=141_Kasseitje_174.mp4
2026-09-10 08:08:23 rss=365M swap=0M cpu=88% cma_free=62M mem_avail=277M cache=0M temp=52.6C hwdec=v4l2m2m-copy pos=53 throttled=0x0 file=002_1961_Comite_001.mp4
2026-09-10 08:08:54 rss=365M swap=0M cpu=88% cma_free=64M mem_avail=278M cache=0M temp=53.2C hwdec=v4l2m2m-copy pos=56 throttled=0x0 file=011_1975_WIK_optreden_001.mp4
2026-09-10 08:09:25 rss=365M swap=0M cpu=86% cma_free=61M mem_avail=284M cache=0M temp=52.6C hwdec=v4l2m2m-copy pos=59 throttled=0x0 file=111_Kasseitje_098.mp4
2026-09-10 08:09:57 rss=365M swap=0M cpu=90% cma_free=57M mem_avail=284M cache=32M temp=53.2C hwdec=v4l2m2m-copy pos=61 throttled=0x0 file=2000_langste_bloementapijt-02-na.mp4
2026-09-10 08:10:28 rss=365M swap=0M cpu=89% cma_free=61M mem_avail=285M cache=32M temp=52.6C hwdec=v4l2m2m-copy pos=61 throttled=0x0 file=2000_langste_bloementapijt-02-na.mp4
2026-09-10 08:10:59 rss=365M swap=0M cpu=89% cma_free=65M mem_avail=286M cache=32M temp=52.6C hwdec=v4l2m2m-copy pos=61 throttled=0x0 file=2000_langste_bloementapijt-02-na.mp4
2026-09-10 08:11:30 rss=365M swap=0M cpu=90% cma_free=65M mem_avail=285M cache=32M temp=52.6C hwdec=v4l2m2m-copy pos=61 throttled=0x0 file=2000_langste_bloementapijt-02-na.mp4
2026-09-10 08:12:02 rss=365M swap=0M cpu=90% cma_free=65M mem_avail=285M cache=32M temp=53.2C hwdec=v4l2m2m-copy pos=61 throttled=0x0 file=2000_langste_bloementapijt-02-na.mp4
2026-09-10 08:12:33 rss=365M swap=0M cpu=90% cma_free=64M mem_avail=286M cache=32M temp=52.6C hwdec=v4l2m2m-copy pos=61 throttled=0x0 file=2000_langste_bloementapijt-02-na.mp4
2026-09-10 08:13:04 rss=365M swap=0M cpu=92% cma_free=65M mem_avail=286M cache=32M temp=52.6C hwdec=v4l2m2m-copy pos=61 throttled=0x0 file=2000_langste_bloementapijt-02-na.mp4
2026-09-10 08:13:35 rss=365M swap=0M cpu=90% cma_free=65M mem_avail=287M cache=32M temp=52.6C hwdec=v4l2m2m-copy pos=61 throttled=0x0 file=2000_langste_bloementapijt-02-na.mp4
2026-09-10 08:14:07 rss=365M swap=0M cpu=91% cma_free=66M mem_avail=287M cache=32M temp=52.6C hwdec=v4l2m2m-copy pos=61 throttled=0x0 file=2000_langste_bloementapijt-02-na.mp4
2026-09-10 08:14:38 rss=365M swap=0M cpu=92% cma_free=64M mem_avail=286M cache=32M temp=52.6C hwdec=v4l2m2m-copy pos=61 throttled=0x0 file=2000_langste_bloementapijt-02-na.mp4
2026-09-10 08:15:09 rss=365M swap=0M cpu=91% cma_free=65M mem_avail=276M cache=32M temp=52.6C hwdec=v4l2m2m-copy pos=61 throttled=0x0 file=2000_langste_bloementapijt-02-na.mp4
2026-09-10 08:15:40 rss=365M swap=0M cpu=92% cma_free=65M mem_avail=284M cache=32M temp=52.6C hwdec=v4l2m2m-copy pos=61 throttled=0x0 file=2000_langste_bloementapijt-02-na.mp4
2026-09-10 08:16:12 rss=365M swap=0M cpu=91% cma_free=64M mem_avail=287M cache=32M temp=52.6C hwdec=v4l2m2m-copy pos=61 throttled=0x0 file=2000_langste_bloementapijt-02-na.mp4
2026-09-10 08:16:43 rss=365M swap=0M cpu=89% cma_free=66M mem_avail=276M cache=32M temp=52.1C hwdec=v4l2m2m-copy pos=61 throttled=0x0 file=2000_langste_bloementapijt-02-na.mp4
2026-09-10 08:17:14 rss=365M swap=0M cpu=91% cma_free=65M mem_avail=283M cache=32M temp=52.6C hwdec=v4l2m2m-copy pos=61 throttled=0x0 file=2000_langste_bloementapijt-02-na.mp4
2026-09-10 08:17:45 rss=365M swap=0M cpu=91% cma_free=64M mem_avail=282M cache=32M temp=52.6C hwdec=v4l2m2m-copy pos=61 throttled=0x0 file=2000_langste_bloementapijt-02-na.mp4
2026-09-10 08:18:17 rss=365M swap=0M cpu=90% cma_free=65M mem_avail=288M cache=32M temp=52.6C hwdec=v4l2m2m-copy pos=61 throttled=0x0 file=2000_langste_bloementapijt-02-na.mp4
2026-09-10 08:18:48 rss=365M swap=0M cpu=93% cma_free=65M mem_avail=282M cache=32M temp=52.6C hwdec=v4l2m2m-copy pos=61 throttled=0x0 file=2000_langste_bloementapijt-02-na.mp4
2026-09-10 08:19:19 rss=365M swap=0M cpu=92% cma_free=64M mem_avail=283M cache=32M temp=52.1C hwdec=v4l2m2m-copy pos=61 throttled=0x0 file=2000_langste_bloementapijt-02-na.mp4
2026-09-10 08:19:50 rss=365M swap=0M cpu=91% cma_free=63M mem_avail=287M cache=32M temp=52.6C hwdec=v4l2m2m-copy pos=61 throttled=0x0 file=2000_langste_bloementapijt-02-na.mp4
2026-09-10 08:20:21 rss=365M swap=0M cpu=92% cma_free=65M mem_avail=288M cache=32M temp=52.1C hwdec=v4l2m2m-copy pos=61 throttled=0x0 file=2000_langste_bloementapijt-02-na.mp4
2026-09-10 08:20:53 rss=365M swap=0M cpu=93% cma_free=65M mem_avail=279M cache=32M temp=52.6C hwdec=v4l2m2m-copy pos=61 throttled=0x0 file=2000_langste_bloementapijt-02-na.mp4
2026-09-10 08:21:24 rss=365M swap=0M cpu=91% cma_free=65M mem_avail=279M cache=30M temp=53.2C hwdec=v4l2m2m-copy pos=61 throttled=0x0 file=2000_langste_bloementapijt-02-na.mp4
2026-09-10 08:21:55 rss=365M swap=0M cpu=88% cma_free=61M mem_avail=286M cache=0M temp=52.6C hwdec=v4l2m2m-copy pos=62 throttled=0x0 file=175_Kasseitje_258.mp4
2026-09-10 08:22:26 rss=365M swap=0M cpu=88% cma_free=55M mem_avail=277M cache=0M temp=52.6C hwdec=v4l2m2m-copy pos=65 throttled=0x0 file=214_XXX_Kermis_009.mp4
2026-09-10 08:22:58 rss=365M swap=0M cpu=87% cma_free=59M mem_avail=269M cache=0M temp=52.6C hwdec=v4l2m2m-copy pos=68 throttled=0x0 file=040_1996_Pleintje_Acacialaan_002.mp4
2026-09-10 08:23:29 rss=365M swap=0M cpu=86% cma_free=55M mem_avail=281M cache=0M temp=52.1C hwdec=v4l2m2m-copy pos=71 throttled=0x0 file=053_Bloemisterij_GVR.mp4
2026-09-10 08:24:00 rss=365M swap=0M cpu=88% cma_free=59M mem_avail=278M cache=0M temp=52.1C hwdec=v4l2m2m-copy pos=74 throttled=0x0 file=042_19XX_Bloemisterij_Puysseleyr_002.mp4
2026-09-10 08:24:31 rss=365M swap=0M cpu=86% cma_free=56M mem_avail=277M cache=1M temp=52.1C hwdec=v4l2m2m-copy pos=77 throttled=0x0 file=038_1996_Hutsepot_004.mp4
2026-09-10 08:25:03 rss=365M swap=0M cpu=87% cma_free=60M mem_avail=281M cache=0M temp=52.6C hwdec=v4l2m2m-copy pos=80 throttled=0x0 file=129_Kasseitje_162.mp4
2026-09-10 08:25:34 rss=365M swap=0M cpu=85% cma_free=54M mem_avail=276M cache=0M temp=52.1C hwdec=v4l2m2m-copy pos=83 throttled=0x0 file=017_1979_Kassei-Cricket_001.mp4
2026-09-10 08:26:05 rss=365M swap=0M cpu=90% cma_free=64M mem_avail=285M cache=32M temp=52.6C hwdec=v4l2m2m-copy pos=85 throttled=0x0 file=1992_vendeliers-na.mp4
2026-09-10 08:26:36 rss=365M swap=0M cpu=90% cma_free=66M mem_avail=284M cache=32M temp=52.1C hwdec=v4l2m2m-copy pos=85 throttled=0x0 file=1992_vendeliers-na.mp4
2026-09-10 08:27:07 rss=365M swap=0M cpu=90% cma_free=67M mem_avail=285M cache=32M temp=51.5C hwdec=v4l2m2m-copy pos=85 throttled=0x0 file=1992_vendeliers-na.mp4
2026-09-10 08:27:39 rss=365M swap=0M cpu=89% cma_free=66M mem_avail=281M cache=32M temp=52.6C hwdec=v4l2m2m-copy pos=85 throttled=0x0 file=1992_vendeliers-na.mp4
2026-09-10 08:28:10 rss=365M swap=0M cpu=90% cma_free=66M mem_avail=285M cache=32M temp=52.1C hwdec=v4l2m2m-copy pos=85 throttled=0x0 file=1992_vendeliers-na.mp4
2026-09-10 08:28:41 rss=365M swap=0M cpu=91% cma_free=67M mem_avail=288M cache=32M temp=52.1C hwdec=v4l2m2m-copy pos=85 throttled=0x0 file=1992_vendeliers-na.mp4
2026-09-10 08:29:12 rss=365M swap=0M cpu=89% cma_free=66M mem_avail=286M cache=31M temp=51.5C hwdec=v4l2m2m-copy pos=85 throttled=0x0 file=1992_vendeliers-na.mp4
2026-09-10 08:29:44 rss=365M swap=0M cpu=91% cma_free=65M mem_avail=284M cache=32M temp=52.1C hwdec=v4l2m2m-copy pos=85 throttled=0x0 file=1992_vendeliers-na.mp4
2026-09-10 08:30:15 rss=365M swap=0M cpu=89% cma_free=67M mem_avail=284M cache=2M temp=52.1C hwdec=v4l2m2m-copy pos=85 throttled=0x0 file=1992_vendeliers-na.mp4
2026-09-10 08:30:46 rss=365M swap=0M cpu=88% cma_free=64M mem_avail=286M cache=0M temp=52.1C hwdec=v4l2m2m-copy pos=88 throttled=0x0 file=172_Kasseitje_232.mp4
2026-09-10 08:31:17 rss=365M swap=0M cpu=91% cma_free=67M mem_avail=287M cache=32M temp=52.1C hwdec=v4l2m2m-copy pos=91 throttled=0x0 file=1992_truc_met_theezak-na.mp4
2026-09-10 08:31:49 rss=365M swap=0M cpu=90% cma_free=67M mem_avail=285M cache=32M temp=52.1C hwdec=v4l2m2m-copy pos=91 throttled=0x0 file=1992_truc_met_theezak-na.mp4
2026-09-10 08:32:20 rss=365M swap=0M cpu=88% cma_free=67M mem_avail=285M cache=2M temp=52.1C hwdec=v4l2m2m-copy pos=91 throttled=0x0 file=1992_truc_met_theezak-na.mp4
2026-09-10 08:32:51 rss=365M swap=0M cpu=88% cma_free=65M mem_avail=282M cache=0M temp=52.1C hwdec=v4l2m2m-copy pos=94 throttled=0x0 file=108_Kasseitje_090.mp4
2026-09-10 08:33:22 rss=365M swap=0M cpu=87% cma_free=63M mem_avail=277M cache=0M temp=52.1C hwdec=v4l2m2m-copy pos=97 throttled=0x0 file=067_img099.mp4
2026-09-10 08:33:54 rss=372M swap=0M cpu=88% cma_free=59M mem_avail=276M cache=0M temp=52.1C hwdec=v4l2m2m-copy pos=100 throttled=0x0 file=170_Kasseitje_209.mp4
2026-09-10 08:34:25 rss=385M swap=0M cpu=93% cma_free=55M mem_avail=265M cache=32M temp=51.5C hwdec=v4l2m2m-copy pos=101 throttled=0x0 file=2000_langste_bloementapijt-01-na.mp4
2026-09-10 08:34:56 rss=386M swap=0M cpu=90% cma_free=56M mem_avail=264M cache=32M temp=52.1C hwdec=v4l2m2m-copy pos=101 throttled=0x0 file=2000_langste_bloementapijt-01-na.mp4
2026-09-10 08:35:27 rss=386M swap=0M cpu=90% cma_free=53M mem_avail=267M cache=32M temp=52.1C hwdec=v4l2m2m-copy pos=101 throttled=0x0 file=2000_langste_bloementapijt-01-na.mp4
2026-09-10 08:35:59 rss=386M swap=0M cpu=90% cma_free=51M mem_avail=264M cache=32M temp=52.1C hwdec=v4l2m2m-copy pos=101 throttled=0x0 file=2000_langste_bloementapijt-01-na.mp4
2026-09-10 08:36:30 rss=386M swap=0M cpu=93% cma_free=51M mem_avail=262M cache=32M temp=52.1C hwdec=v4l2m2m-copy pos=101 throttled=0x0 file=2000_langste_bloementapijt-01-na.mp4
2026-09-10 08:37:01 rss=386M swap=0M cpu=91% cma_free=53M mem_avail=267M cache=32M temp=52.6C hwdec=v4l2m2m-copy pos=101 throttled=0x0 file=2000_langste_bloementapijt-01-na.mp4
2026-09-10 08:37:32 rss=386M swap=0M cpu=90% cma_free=56M mem_avail=265M cache=32M temp=51.5C hwdec=v4l2m2m-copy pos=101 throttled=0x0 file=2000_langste_bloementapijt-01-na.mp4
2026-09-10 08:38:03 rss=386M swap=0M cpu=94% cma_free=48M mem_avail=257M cache=32M temp=52.1C hwdec=v4l2m2m-copy pos=101 throttled=0x0 file=2000_langste_bloementapijt-01-na.mp4
2026-09-10 08:38:35 rss=386M swap=0M cpu=89% cma_free=56M mem_avail=265M cache=32M temp=51.5C hwdec=v4l2m2m-copy pos=101 throttled=0x0 file=2000_langste_bloementapijt-01-na.mp4
2026-09-10 08:39:06 rss=386M swap=0M cpu=91% cma_free=53M mem_avail=260M cache=32M temp=51.5C hwdec=v4l2m2m-copy pos=101 throttled=0x0 file=2000_langste_bloementapijt-01-na.mp4
2026-09-10 08:39:37 rss=386M swap=0M cpu=91% cma_free=54M mem_avail=268M cache=32M temp=52.1C hwdec=v4l2m2m-copy pos=101 throttled=0x0 file=2000_langste_bloementapijt-01-na.mp4
2026-09-10 08:40:08 rss=388M swap=0M cpu=90% cma_free=54M mem_avail=263M cache=31M temp=52.6C hwdec=v4l2m2m-copy pos=101 throttled=0x0 file=2000_langste_bloementapijt-01-na.mp4
2026-09-10 08:40:40 rss=388M swap=0M cpu=91% cma_free=51M mem_avail=262M cache=32M temp=52.1C hwdec=v4l2m2m-copy pos=101 throttled=0x0 file=2000_langste_bloementapijt-01-na.mp4
2026-09-10 08:41:11 rss=388M swap=0M cpu=90% cma_free=48M mem_avail=263M cache=32M temp=52.1C hwdec=v4l2m2m-copy pos=101 throttled=0x0 file=2000_langste_bloementapijt-01-na.mp4
2026-09-10 08:41:42 rss=389M swap=0M cpu=90% cma_free=1M mem_avail=256M cache=32M temp=52.6C hwdec=v4l2m2m-copy pos=101 throttled=0x0 file=2000_langste_bloementapijt-01-na.mp4
2026-09-10 08:42:13 rss=389M swap=0M cpu=93% cma_free=3M mem_avail=255M cache=32M temp=52.6C hwdec=v4l2m2m-copy pos=101 throttled=0x0 file=2000_langste_bloementapijt-01-na.mp4
2026-09-10 08:42:45 rss=391M swap=0M cpu=90% cma_free=0M mem_avail=263M cache=32M temp=52.1C hwdec=v4l2m2m-copy pos=101 throttled=0x0 file=2000_langste_bloementapijt-01-na.mp4
2026-09-10 08:43:16 rss=392M swap=0M cpu=91% cma_free=0M mem_avail=263M cache=31M temp=52.6C hwdec=v4l2m2m-copy pos=101 throttled=0x0 file=2000_langste_bloementapijt-01-na.mp4
2026-09-10 08:43:47 rss=392M swap=0M cpu=90% cma_free=0M mem_avail=262M cache=32M temp=51.5C hwdec=v4l2m2m-copy pos=101 throttled=0x0 file=2000_langste_bloementapijt-01-na.mp4
2026-09-10 08:44:18 rss=392M swap=0M cpu=88% cma_free=0M mem_avail=256M cache=3M temp=52.1C hwdec=v4l2m2m-copy pos=101 throttled=0x0 file=2000_langste_bloementapijt-01-na.mp4
2026-09-10 08:44:50 rss=400M swap=0M cpu=87% cma_free=59M mem_avail=253M cache=0M temp=52.1C hwdec=v4l2m2m-copy pos=104 throttled=0x0 file=006_1975_kasseicricket_001.mp4
2026-09-10 08:45:21 rss=400M swap=0M cpu=86% cma_free=57M mem_avail=247M cache=0M temp=52.1C hwdec=v4l2m2m-copy pos=107 throttled=0x0 file=082_Kasseitje_023.mp4
2026-09-10 08:45:52 rss=400M swap=0M cpu=87% cma_free=47M mem_avail=234M cache=0M temp=52.1C hwdec=v4l2m2m-copy pos=110 throttled=0x0 file=183_Kasseitje_407.mp4
2026-09-10 08:46:23 rss=400M swap=0M cpu=93% cma_free=57M mem_avail=253M cache=32M temp=51.5C hwdec=v4l2m2m-copy pos=113 throttled=0x0 file=1993_voorjaarsactiviteit-na.mp4
2026-09-10 08:46:54 rss=400M swap=0M cpu=91% cma_free=34M mem_avail=251M cache=32M temp=52.1C hwdec=v4l2m2m-copy pos=113 throttled=0x0 file=1993_voorjaarsactiviteit-na.mp4
2026-09-10 08:47:26 rss=400M swap=0M cpu=90% cma_free=34M mem_avail=252M cache=32M temp=52.6C hwdec=v4l2m2m-copy pos=113 throttled=0x0 file=1993_voorjaarsactiviteit-na.mp4
2026-09-10 08:47:57 rss=400M swap=0M cpu=90% cma_free=36M mem_avail=251M cache=32M temp=51.5C hwdec=v4l2m2m-copy pos=113 throttled=0x0 file=1993_voorjaarsactiviteit-na.mp4
2026-09-10 08:48:28 rss=400M swap=0M cpu=90% cma_free=35M mem_avail=252M cache=32M temp=51.5C hwdec=v4l2m2m-copy pos=113 throttled=0x0 file=1993_voorjaarsactiviteit-na.mp4
2026-09-10 08:48:59 rss=400M swap=0M cpu=93% cma_free=38M mem_avail=254M cache=32M temp=51.5C hwdec=v4l2m2m-copy pos=113 throttled=0x0 file=1993_voorjaarsactiviteit-na.mp4
2026-09-10 08:49:31 rss=400M swap=0M cpu=89% cma_free=31M mem_avail=247M cache=32M temp=51.0C hwdec=v4l2m2m-copy pos=113 throttled=0x0 file=1993_voorjaarsactiviteit-na.mp4
2026-09-10 08:50:02 rss=400M swap=0M cpu=91% cma_free=36M mem_avail=247M cache=32M temp=50.5C hwdec=v4l2m2m-copy pos=113 throttled=0x0 file=1993_voorjaarsactiviteit-na.mp4
2026-09-10 08:50:33 rss=400M swap=0M cpu=91% cma_free=33M mem_avail=252M cache=32M temp=50.5C hwdec=v4l2m2m-copy pos=113 throttled=0x0 file=1993_voorjaarsactiviteit-na.mp4
2026-09-10 08:51:04 rss=400M swap=0M cpu=91% cma_free=36M mem_avail=255M cache=32M temp=51.0C hwdec=v4l2m2m-copy pos=113 throttled=0x0 file=1993_voorjaarsactiviteit-na.mp4
2026-09-10 08:51:36 rss=400M swap=0M cpu=91% cma_free=38M mem_avail=250M cache=32M temp=50.5C hwdec=v4l2m2m-copy pos=113 throttled=0x0 file=1993_voorjaarsactiviteit-na.mp4
2026-09-10 08:52:07 rss=400M swap=0M cpu=90% cma_free=37M mem_avail=250M cache=32M temp=51.5C hwdec=v4l2m2m-copy pos=113 throttled=0x0 file=1993_voorjaarsactiviteit-na.mp4
2026-09-10 08:52:38 rss=400M swap=0M cpu=89% cma_free=37M mem_avail=251M cache=32M temp=50.5C hwdec=v4l2m2m-copy pos=113 throttled=0x0 file=1993_voorjaarsactiviteit-na.mp4
2026-09-10 08:53:09 rss=400M swap=0M cpu=89% cma_free=31M mem_avail=251M cache=32M temp=51.0C hwdec=v4l2m2m-copy pos=113 throttled=0x0 file=1993_voorjaarsactiviteit-na.mp4
2026-09-10 08:53:41 rss=400M swap=0M cpu=93% cma_free=35M mem_avail=254M cache=32M temp=50.5C hwdec=v4l2m2m-copy pos=113 throttled=0x0 file=1993_voorjaarsactiviteit-na.mp4
2026-09-10 08:54:12 rss=403M swap=0M cpu=87% cma_free=59M mem_avail=234M cache=0M temp=50.5C hwdec=v4l2m2m-copy pos=114 throttled=0x0 file=118_Kasseitje_125.mp4
2026-09-10 08:54:43 rss=403M swap=0M cpu=87% cma_free=56M mem_avail=237M cache=0M temp=50.5C hwdec=v4l2m2m-copy pos=117 throttled=0x0 file=063_img074.mp4
2026-09-10 08:55:14 rss=403M swap=0M cpu=88% cma_free=43M mem_avail=233M cache=0M temp=50.5C hwdec=v4l2m2m-copy pos=120 throttled=0x0 file=102_Kasseitje_084.mp4
2026-09-10 08:55:45 rss=403M swap=0M cpu=86% cma_free=58M mem_avail=246M cache=0M temp=51.0C hwdec=v4l2m2m-copy pos=123 throttled=0x0 file=091_Kasseitje_057.mp4
2026-09-10 08:56:17 rss=403M swap=0M cpu=86% cma_free=59M mem_avail=237M cache=1M temp=50.5C hwdec=v4l2m2m-copy pos=126 throttled=0x0 file=184_Kasseitje_411.mp4
2026-09-10 08:56:48 rss=403M swap=0M cpu=87% cma_free=48M mem_avail=238M cache=0M temp=50.5C hwdec=v4l2m2m-copy pos=128 throttled=0x0 file=195_LUT_1407.mp4
2026-09-10 08:57:19 rss=403M swap=0M cpu=87% cma_free=53M mem_avail=245M cache=0M temp=51.0C hwdec=v4l2m2m-copy pos=131 throttled=0x0 file=008_1975_LeonDeBoey_001.mp4
2026-09-10 08:57:50 rss=403M swap=0M cpu=89% cma_free=55M mem_avail=247M cache=32M temp=50.5C hwdec=v4l2m2m-copy pos=134 throttled=0x0 file=1966_kermis-na.mp4
2026-09-10 08:58:22 rss=403M swap=0M cpu=92% cma_free=32M mem_avail=242M cache=32M temp=50.5C hwdec=v4l2m2m-copy pos=134 throttled=0x0 file=1966_kermis-na.mp4
2026-09-10 08:58:53 rss=403M swap=0M cpu=89% cma_free=35M mem_avail=241M cache=32M temp=51.5C hwdec=v4l2m2m-copy pos=134 throttled=0x0 file=1966_kermis-na.mp4
2026-09-10 08:59:24 rss=403M swap=0M cpu=91% cma_free=38M mem_avail=248M cache=32M temp=50.5C hwdec=v4l2m2m-copy pos=134 throttled=0x0 file=1966_kermis-na.mp4
2026-09-10 08:59:55 rss=403M swap=0M cpu=90% cma_free=35M mem_avail=249M cache=32M temp=50.5C hwdec=v4l2m2m-copy pos=134 throttled=0x0 file=1966_kermis-na.mp4
2026-09-10 09:00:27 rss=403M swap=0M cpu=88% cma_free=33M mem_avail=251M cache=32M temp=50.5C hwdec=v4l2m2m-copy pos=134 throttled=0x0 file=1966_kermis-na.mp4
2026-09-10 09:00:58 rss=403M swap=0M cpu=89% cma_free=33M mem_avail=250M cache=32M temp=50.5C hwdec=v4l2m2m-copy pos=134 throttled=0x0 file=1966_kermis-na.mp4
2026-09-10 09:01:29 rss=403M swap=0M cpu=94% cma_free=34M mem_avail=251M cache=32M temp=50.5C hwdec=v4l2m2m-copy pos=134 throttled=0x0 file=1966_kermis-na.mp4
2026-09-10 09:02:00 rss=403M swap=0M cpu=91% cma_free=34M mem_avail=251M cache=32M temp=50.5C hwdec=v4l2m2m-copy pos=134 throttled=0x0 file=1966_kermis-na.mp4
2026-09-10 09:02:32 rss=403M swap=0M cpu=91% cma_free=29M mem_avail=246M cache=32M temp=51.5C hwdec=v4l2m2m-copy pos=134 throttled=0x0 file=1966_kermis-na.mp4
2026-09-10 09:03:03 rss=403M swap=0M cpu=90% cma_free=32M mem_avail=246M cache=32M temp=51.5C hwdec=v4l2m2m-copy pos=134 throttled=0x0 file=1966_kermis-na.mp4
2026-09-10 09:03:34 rss=403M swap=0M cpu=90% cma_free=32M mem_avail=244M cache=32M temp=51.5C hwdec=v4l2m2m-copy pos=134 throttled=0x0 file=1966_kermis-na.mp4
2026-09-10 09:04:05 rss=403M swap=0M cpu=90% cma_free=33M mem_avail=251M cache=32M temp=50.5C hwdec=v4l2m2m-copy pos=134 throttled=0x0 file=1966_kermis-na.mp4
2026-09-10 09:04:37 rss=403M swap=0M cpu=89% cma_free=31M mem_avail=252M cache=32M temp=50.5C hwdec=v4l2m2m-copy pos=134 throttled=0x0 file=1966_kermis-na.mp4
2026-09-10 09:05:08 rss=403M swap=0M cpu=91% cma_free=34M mem_avail=247M cache=32M temp=51.5C hwdec=v4l2m2m-copy pos=134 throttled=0x0 file=1966_kermis-na.mp4
2026-09-10 09:05:39 rss=403M swap=0M cpu=89% cma_free=25M mem_avail=244M cache=32M temp=50.5C hwdec=v4l2m2m-copy pos=134 throttled=0x0 file=1966_kermis-na.mp4
2026-09-10 09:06:10 rss=403M swap=0M cpu=91% cma_free=33M mem_avail=251M cache=32M temp=50.5C hwdec=v4l2m2m-copy pos=134 throttled=0x0 file=1966_kermis-na.mp4
2026-09-10 09:06:42 rss=403M swap=0M cpu=89% cma_free=35M mem_avail=248M cache=32M temp=50.5C hwdec=v4l2m2m-copy pos=134 throttled=0x0 file=1966_kermis-na.mp4
2026-09-10 09:07:13 rss=403M swap=0M cpu=91% cma_free=32M mem_avail=251M cache=32M temp=50.5C hwdec=v4l2m2m-copy pos=134 throttled=0x0 file=1966_kermis-na.mp4
2026-09-10 09:07:44 rss=403M swap=0M cpu=90% cma_free=32M mem_avail=246M cache=32M temp=50.5C hwdec=v4l2m2m-copy pos=134 throttled=0x0 file=1966_kermis-na.mp4
2026-09-10 09:08:15 rss=403M swap=0M cpu=91% cma_free=35M mem_avail=243M cache=32M temp=50.5C hwdec=v4l2m2m-copy pos=134 throttled=0x0 file=1966_kermis-na.mp4
2026-09-10 09:08:47 rss=403M swap=0M cpu=90% cma_free=34M mem_avail=246M cache=32M temp=50.5C hwdec=v4l2m2m-copy pos=134 throttled=0x0 file=1966_kermis-na.mp4
2026-09-10 09:09:18 rss=403M swap=0M cpu=89% cma_free=38M mem_avail=248M cache=32M temp=50.5C hwdec=v4l2m2m-copy pos=134 throttled=0x0 file=1966_kermis-na.mp4
2026-09-10 09:09:49 rss=403M swap=0M cpu=90% cma_free=34M mem_avail=239M cache=32M temp=50.5C hwdec=v4l2m2m-copy pos=134 throttled=0x0 file=1966_kermis-na.mp4
2026-09-10 09:10:20 rss=403M swap=0M cpu=89% cma_free=34M mem_avail=251M cache=32M temp=50.5C hwdec=v4l2m2m-copy pos=134 throttled=0x0 file=1966_kermis-na.mp4
2026-09-10 09:10:52 rss=403M swap=0M cpu=90% cma_free=35M mem_avail=248M cache=32M temp=51.5C hwdec=v4l2m2m-copy pos=134 throttled=0x0 file=1966_kermis-na.mp4
2026-09-10 09:11:23 rss=403M swap=0M cpu=90% cma_free=31M mem_avail=248M cache=32M temp=51.0C hwdec=v4l2m2m-copy pos=134 throttled=0x0 file=1966_kermis-na.mp4
2026-09-10 09:11:54 rss=403M swap=0M cpu=90% cma_free=32M mem_avail=249M cache=32M temp=50.5C hwdec=v4l2m2m-copy pos=134 throttled=0x0 file=1966_kermis-na.mp4
2026-09-10 09:12:25 rss=403M swap=0M cpu=89% cma_free=32M mem_avail=249M cache=32M temp=51.0C hwdec=v4l2m2m-copy pos=134 throttled=0x0 file=1966_kermis-na.mp4
2026-09-10 09:12:56 rss=403M swap=0M cpu=91% cma_free=33M mem_avail=248M cache=32M temp=51.0C hwdec=v4l2m2m-copy pos=134 throttled=0x0 file=1966_kermis-na.mp4
2026-09-10 09:13:28 rss=403M swap=0M cpu=92% cma_free=31M mem_avail=250M cache=32M temp=50.5C hwdec=v4l2m2m-copy pos=134 throttled=0x0 file=1966_kermis-na.mp4
2026-09-10 09:13:59 rss=403M swap=0M cpu=92% cma_free=30M mem_avail=244M cache=32M temp=51.0C hwdec=v4l2m2m-copy pos=134 throttled=0x0 file=1966_kermis-na.mp4
2026-09-10 09:14:30 rss=403M swap=0M cpu=89% cma_free=34M mem_avail=250M cache=31M temp=50.5C hwdec=v4l2m2m-copy pos=134 throttled=0x0 file=1966_kermis-na.mp4
2026-09-10 09:15:01 rss=403M swap=0M cpu=90% cma_free=31M mem_avail=247M cache=32M temp=50.5C hwdec=v4l2m2m-copy pos=134 throttled=0x0 file=1966_kermis-na.mp4
2026-09-10 09:15:33 rss=403M swap=0M cpu=92% cma_free=33M mem_avail=241M cache=32M temp=51.0C hwdec=v4l2m2m-copy pos=134 throttled=0x0 file=1966_kermis-na.mp4
2026-09-10 09:16:04 rss=403M swap=0M cpu=89% cma_free=34M mem_avail=248M cache=32M temp=50.5C hwdec=v4l2m2m-copy pos=134 throttled=0x0 file=1966_kermis-na.mp4
2026-09-10 09:16:35 rss=403M swap=0M cpu=90% cma_free=34M mem_avail=246M cache=32M temp=51.5C hwdec=v4l2m2m-copy pos=134 throttled=0x0 file=1966_kermis-na.mp4
2026-09-10 09:17:06 rss=403M swap=0M cpu=90% cma_free=30M mem_avail=247M cache=32M temp=51.5C hwdec=v4l2m2m-copy pos=134 throttled=0x0 file=1966_kermis-na.mp4
2026-09-10 09:17:38 rss=403M swap=0M cpu=90% cma_free=33M mem_avail=249M cache=32M temp=51.5C hwdec=v4l2m2m-copy pos=134 throttled=0x0 file=1966_kermis-na.mp4
2026-09-10 09:18:09 rss=403M swap=0M cpu=91% cma_free=33M mem_avail=248M cache=32M temp=51.5C hwdec=v4l2m2m-copy pos=134 throttled=0x0 file=1966_kermis-na.mp4
2026-09-10 09:18:40 rss=403M swap=0M cpu=90% cma_free=36M mem_avail=250M cache=32M temp=51.0C hwdec=v4l2m2m-copy pos=134 throttled=0x0 file=1966_kermis-na.mp4
2026-09-10 09:19:11 rss=403M swap=0M cpu=90% cma_free=32M mem_avail=246M cache=32M temp=50.5C hwdec=v4l2m2m-copy pos=134 throttled=0x0 file=1966_kermis-na.mp4
2026-09-10 09:19:42 rss=403M swap=0M cpu=91% cma_free=31M mem_avail=250M cache=31M temp=51.5C hwdec=v4l2m2m-copy pos=134 throttled=0x0 file=1966_kermis-na.mp4
2026-09-10 09:20:14 rss=403M swap=0M cpu=92% cma_free=29M mem_avail=247M cache=32M temp=51.5C hwdec=v4l2m2m-copy pos=134 throttled=0x0 file=1966_kermis-na.mp4
2026-09-10 09:20:45 rss=403M swap=0M cpu=89% cma_free=34M mem_avail=249M cache=32M temp=50.5C hwdec=v4l2m2m-copy pos=134 throttled=0x0 file=1966_kermis-na.mp4
2026-09-10 09:21:16 rss=403M swap=0M cpu=89% cma_free=35M mem_avail=249M cache=32M temp=51.5C hwdec=v4l2m2m-copy pos=134 throttled=0x0 file=1966_kermis-na.mp4
2026-09-10 09:21:47 rss=403M swap=0M cpu=89% cma_free=36M mem_avail=248M cache=32M temp=51.5C hwdec=v4l2m2m-copy pos=134 throttled=0x0 file=1966_kermis-na.mp4
2026-09-10 09:22:19 rss=403M swap=0M cpu=90% cma_free=26M mem_avail=245M cache=32M temp=51.5C hwdec=v4l2m2m-copy pos=134 throttled=0x0 file=1966_kermis-na.mp4
2026-09-10 09:22:50 rss=403M swap=0M cpu=90% cma_free=36M mem_avail=246M cache=32M temp=51.5C hwdec=v4l2m2m-copy pos=134 throttled=0x0 file=1966_kermis-na.mp4
2026-09-10 09:23:21 rss=403M swap=0M cpu=90% cma_free=32M mem_avail=246M cache=32M temp=51.5C hwdec=v4l2m2m-copy pos=134 throttled=0x0 file=1966_kermis-na.mp4
2026-09-10 09:23:52 rss=403M swap=0M cpu=90% cma_free=35M mem_avail=245M cache=32M temp=50.5C hwdec=v4l2m2m-copy pos=134 throttled=0x0 file=1966_kermis-na.mp4
2026-09-10 09:24:24 rss=403M swap=0M cpu=90% cma_free=33M mem_avail=246M cache=31M temp=51.5C hwdec=v4l2m2m-copy pos=134 throttled=0x0 file=1966_kermis-na.mp4
2026-09-10 09:24:55 rss=403M swap=0M cpu=89% cma_free=34M mem_avail=245M cache=32M temp=51.5C hwdec=v4l2m2m-copy pos=134 throttled=0x0 file=1966_kermis-na.mp4
2026-09-10 09:25:26 rss=403M swap=0M cpu=91% cma_free=32M mem_avail=251M cache=32M temp=51.5C hwdec=v4l2m2m-copy pos=134 throttled=0x0 file=1966_kermis-na.mp4
2026-09-10 09:25:57 rss=403M swap=0M cpu=90% cma_free=38M mem_avail=246M cache=31M temp=51.5C hwdec=v4l2m2m-copy pos=134 throttled=0x0 file=1966_kermis-na.mp4
2026-09-10 09:26:29 rss=403M swap=0M cpu=92% cma_free=31M mem_avail=248M cache=32M temp=51.5C hwdec=v4l2m2m-copy pos=134 throttled=0x0 file=1966_kermis-na.mp4
2026-09-10 09:27:00 rss=403M swap=0M cpu=90% cma_free=34M mem_avail=248M cache=32M temp=51.0C hwdec=v4l2m2m-copy pos=134 throttled=0x0 file=1966_kermis-na.mp4
2026-09-10 09:27:31 rss=403M swap=0M cpu=91% cma_free=32M mem_avail=248M cache=32M temp=51.5C hwdec=v4l2m2m-copy pos=134 throttled=0x0 file=1966_kermis-na.mp4
2026-09-10 09:28:02 rss=403M swap=0M cpu=90% cma_free=39M mem_avail=242M cache=32M temp=51.5C hwdec=v4l2m2m-copy pos=134 throttled=0x0 file=1966_kermis-na.mp4
